,Data,cotacao_minerio,INCC,desocupacao_trim,cotacao_VALE3,PIB_trimestral
0,2012-03-01,139.3,496.079,5.0,23.9,1.71
1,2012-03-02,139.5,496.079,5.0,24.11,1.71
2,2012-03-05,137.9,496.079,5.0,23.41,1.71
3,2012-03-06,138.2,496.079,5.0,22.27,1.71
4,2012-03-07,138.8,496.079,5.0,22.24,1.71
5,2012-03-08,139.8,496.079,5.0,22.32,1.71
6,2012-03-09,140.0,496.079,5.0,22.3,1.71
7,2012-03-12,142.5,496.079,5.0,22.04,1.71
8,2012-03-13,143.5,496.079,5.0,23.16,1.71
9,2012-03-14,143.1,496.079,5.0,22.95,1.71
10,2012-03-15,143.6,496.079,5.0,23.16,1.71
11,2012-03-16,143.6,496.079,5.0,23.31,1.71
12,2012-03-19,143.7,496.079,5.0,23.47,1.71
13,2012-03-20,143.7,496.079,5.0,23.12,1.71
14,2012-03-21,143.7,496.079,5.0,23.03,1.71
15,2012-03-22,143.8,496.079,5.0,22.55,1.71
16,2012-03-23,143.9,496.079,5.0,22.54,1.71
17,2012-03-26,144.1,496.079,5.0,22.84,1.71
18,2012-03-27,144.3,496.079,5.0,23.01,1.71
19,2012-03-28,144.5,496.079,5.0,22.57,1.71
20,2012-03-29,144.6,496.079,5.0,22.87,1.71
21,2012-04-02,145.9,496.079,5.0,23.87,1.71
22,2012-04-03,147.1,496.079,5.0,23.34,1.71
23,2012-04-04,147.3,496.079,5.0,22.88,1.71
24,2012-04-05,147.1,496.079,5.0,22.82,1.71
25,2012-04-09,147.1,496.079,5.0,22.58,1.71
26,2012-04-10,149.4,496.079,5.0,22.37,1.71
27,2012-04-11,149.1,496.079,5.0,22.37,1.71
28,2012-04-12,148.9,496.079,5.0,23.79,1.71
29,2012-04-13,148.6,496.079,5.0,23.76,1.71
30,2012-04-16,148.1,496.079,5.0,23.45,1.71
31,2012-04-17,148.4,496.079,5.0,23.95,1.71
32,2012-04-18,148.2,496.079,5.0,24.19,1.71
33,2012-04-19,148.0,496.079,5.0,24.01,1.71
34,2012-04-20,148.3,496.079,5.0,23.96,1.71
35,2012-04-23,148.2,496.079,5.0,23.8,1.71
36,2012-04-24,148.2,496.079,5.0,23.86,1.71
37,2012-04-25,148.1,496.079,5.0,23.51,1.71
38,2012-04-26,147.9,496.079,5.0,23.86,1.71
39,2012-04-27,147.8,496.079,5.0,23.7,1.71
40,2012-04-30,147.6,496.079,5.0,23.69,1.71
41,2012-05-01,143.2,509.184,4.8,23.69,1.71
42,2012-05-02,142.5,509.184,4.8,24.03,1.71
43,2012-05-03,142.5,509.184,4.8,23.78,1.71
44,2012-05-04,142.7,509.184,4.8,23.1,1.71
45,2012-05-07,142.7,509.184,4.8,23.08,1.71
46,2012-05-08,141.4,509.184,4.8,22.47,1.71
47,2012-05-09,141.4,509.184,4.8,22.41,1.71
48,2012-05-10,140.8,509.184,4.8,22.42,1.71
49,2012-05-11,140.2,509.184,4.8,21.75,1.71
50,2012-05-14,139.1,509.184,4.8,21.38,1.71
51,2012-05-15,138.9,509.184,4.8,21.22,1.71
52,2012-05-16,138.6,509.184,4.8,20.63,1.71
53,2012-05-17,138.4,509.184,4.8,19.93,1.71
54,2012-05-18,137.9,509.184,4.8,20.4,1.71
55,2012-05-21,138.0,509.184,4.8,21.05,1.71
56,2012-05-22,137.8,509.184,4.8,20.79,1.71
57,2012-05-23,137.4,509.184,4.8,20.96,1.71
58,2012-05-24,137.2,509.184,4.8,20.72,1.71
59,2012-05-25,137.0,509.184,4.8,20.33,1.71
60,2012-05-29,136.4,509.184,4.8,20.86,1.71
61,2012-05-30,136.4,509.184,4.8,20.73,1.71
62,2012-05-31,136.3,509.184,4.8,20.91,1.71
63,2012-06-01,132.0,512.903,4.8,20.58,1.71
64,2012-06-04,132.0,512.903,4.8,20.53,1.71
65,2012-06-05,132.0,512.903,4.8,20.52,1.71
66,2012-06-06,129.8,512.903,4.8,21.11,1.71
67,2012-06-07,131.8,512.903,4.8,21.11,1.71
68,2012-06-08,131.2,512.903,4.8,21.32,1.71
69,2012-06-11,131.9,512.903,4.8,21.06,1.71
70,2012-06-12,132.2,512.903,4.8,21.55,1.71
71,2012-06-13,133.3,512.903,4.8,21.58,1.71
72,2012-06-14,133.6,512.903,4.8,21.63,1.71
73,2012-06-15,133.7,512.903,4.8,21.98,1.71
74,2012-06-18,134.3,512.903,4.8,22.16,1.71
75,2012-06-19,134.4,512.903,4.8,22.7,1.71
76,2012-06-20,134.5,512.903,4.8,22.76,1.71
77,2012-06-21,134.5,512.903,4.8,22.13,1.71
78,2012-06-22,134.5,512.903,4.8,22.08,1.71
79,2012-06-25,134.6,512.903,4.8,21.66,1.71
80,2012-06-26,134.6,512.903,4.8,22.16,1.71
81,2012-06-27,134.6,512.903,4.8,22.07,1.71
82,2012-06-28,134.6,512.903,4.8,21.81,1.71
83,2012-06-29,134.6,512.903,4.8,22.32,1.71
84,2012-07-02,131.8,512.903,4.8,22.38,1.71
85,2012-07-03,134.0,512.903,4.8,22.8,1.71
86,2012-07-05,134.7,512.903,4.8,23.23,1.71
87,2012-07-06,134.1,512.903,4.8,22.69,1.71
88,2012-07-09,134.3,512.903,4.8,22.69,1.71
89,2012-07-10,133.4,512.903,4.8,22.02,1.71
90,2012-07-11,133.5,512.903,4.8,22.0,1.71
91,2012-07-12,133.6,512.903,4.8,21.91,1.71
92,2012-07-13,133.3,512.903,4.8,22.37,1.71
93,2012-07-16,133.1,512.903,4.8,22.02,1.71
94,2012-07-17,132.8,512.903,4.8,21.94,1.71
95,2012-07-18,132.4,512.903,4.8,21.97,1.71
96,2012-07-19,132.0,512.903,4.8,22.0,1.71
97,2012-07-20,131.5,512.903,4.8,21.46,1.71
98,2012-07-23,131.0,512.903,4.8,20.96,1.71
99,2012-07-24,130.7,512.903,4.8,19.93,1.71
100,2012-07-25,130.6,512.903,4.8,19.83,1.71
101,2012-07-26,129.6,512.903,4.8,20.07,1.71
102,2012-07-27,129.1,512.903,4.8,20.88,1.71
103,2012-07-30,128.5,512.903,4.8,20.87,1.71
104,2012-07-31,127.9,512.903,4.8,20.66,1.71
105,2012-08-01,116.3,517.657,4.6,20.79,1.71
106,2012-08-02,114.4,517.657,4.6,20.44,1.71
107,2012-08-03,114.5,517.657,4.6,20.74,1.71
108,2012-08-06,116.0,517.657,4.6,20.97,1.71
109,2012-08-07,117.1,517.657,4.6,20.93,1.71
110,2012-08-08,115.8,517.657,4.6,21.09,1.71
111,2012-08-09,115.7,517.657,4.6,21.3,1.71
112,2012-08-10,114.8,517.657,4.6,21.46,1.71
113,2012-08-13,114.6,517.657,4.6,21.47,1.71
114,2012-08-14,114.0,517.657,4.6,20.61,1.71
115,2012-08-15,114.1,517.657,4.6,20.19,1.71
116,2012-08-16,113.9,517.657,4.6,20.47,1.71
117,2012-08-17,113.2,517.657,4.6,19.83,1.71
118,2012-08-20,112.9,517.657,4.6,20.22,1.71
119,2012-08-21,112.5,517.657,4.6,20.07,1.71
120,2012-08-22,111.9,517.657,4.6,20.08,1.71
121,2012-08-23,111.1,517.657,4.6,19.3,1.71
122,2012-08-24,110.9,517.657,4.6,19.2,1.71
123,2012-08-27,111.0,517.657,4.6,18.91,1.71
124,2012-08-28,110.4,517.657,4.6,18.86,1.71
125,2012-08-29,109.5,517.657,4.6,18.3,1.71
126,2012-08-30,108.6,517.657,4.6,18.24,1.71
127,2012-08-31,107.8,517.657,4.6,18.79,1.71
128,2012-09-04,86.4,517.657,4.6,18.05,1.71
129,2012-09-05,85.2,517.657,4.6,18.35,1.71
130,2012-09-06,87.5,517.657,4.6,19.2,1.71
131,2012-09-07,92.8,517.657,4.6,19.2,1.71
132,2012-09-10,95.1,517.657,4.6,19.9,1.71
133,2012-09-11,96.5,517.657,4.6,20.47,1.71
134,2012-09-12,94.0,517.657,4.6,20.73,1.71
135,2012-09-13,93.9,517.657,4.6,21.26,1.71
136,2012-09-14,95.8,517.657,4.6,21.49,1.71
137,2012-09-17,96.9,517.657,4.6,21.73,1.71
138,2012-09-18,97.7,517.657,4.6,22.0,1.71
139,2012-09-19,98.4,517.657,4.6,21.75,1.71
140,2012-09-20,98.8,517.657,4.6,21.56,1.71
141,2012-09-21,98.2,517.657,4.6,20.92,1.71
142,2012-09-24,98.5,517.657,4.6,21.07,1.71
143,2012-09-25,98.7,517.657,4.6,20.48,1.71
144,2012-09-26,98.9,517.657,4.6,20.55,1.71
145,2012-09-27,99.2,517.657,4.6,20.51,1.71
146,2012-10-01,106.1,519.907,4.4,20.2,1.71
147,2012-10-02,106.6,519.907,4.4,20.13,1.71
148,2012-10-03,108.59,519.907,4.4,19.85,1.71
149,2012-10-04,109.82,519.907,4.4,20.08,1.71
150,2012-10-05,109.59,519.907,4.4,19.97,1.71
151,2012-10-08,110.67,519.907,4.4,20.63,1.71
152,2012-10-09,111.33,519.907,4.4,20.74,1.71
153,2012-10-10,110.6,519.907,4.4,20.52,1.71
154,2012-10-11,110.33,519.907,4.4,20.8,1.71
155,2012-10-12,110.06,519.907,4.4,20.8,1.71
156,2012-10-15,109.94,519.907,4.4,20.8,1.71
157,2012-10-16,110.44,519.907,4.4,21.19,1.71
158,2012-10-17,111.34,519.907,4.4,21.57,1.71
159,2012-10-18,111.81,519.907,4.4,21.47,1.71
160,2012-10-19,111.73,519.907,4.4,21.01,1.71
161,2012-10-22,112.17,519.907,4.4,21.01,1.71
162,2012-10-23,112.21,519.907,4.4,20.42,1.71
163,2012-10-24,112.52,519.907,4.4,20.27,1.71
164,2012-10-25,112.82,519.907,4.4,21.42,1.71
165,2012-10-26,113.16,519.907,4.4,21.26,1.71
166,2012-10-29,113.7,519.907,4.4,21.39,1.71
167,2012-10-30,113.7,519.907,4.4,21.5,1.71
168,2012-10-31,113.95,519.907,4.4,21.5,1.71
169,2012-11-01,117.45,521.638,4.3,22.04,1.71
170,2012-11-02,117.45,521.638,4.3,22.04,1.71
171,2012-11-05,117.08,521.638,4.3,21.84,1.71
172,2012-11-06,117.79,521.638,4.3,21.94,1.71
173,2012-11-07,118.34,521.638,4.3,21.71,1.71
174,2012-11-08,118.71,521.638,4.3,21.23,1.71
175,2012-11-09,119.99,521.638,4.3,21.41,1.71
176,2012-11-12,120.64,521.638,4.3,21.24,1.71
177,2012-11-13,120.18,521.638,4.3,21.39,1.71
178,2012-11-14,120.17,521.638,4.3,21.0,1.71
179,2012-11-15,120.61,521.638,4.3,21.0,1.71
180,2012-11-16,120.53,521.638,4.3,20.37,1.71
181,2012-11-19,120.28,521.638,4.3,20.64,1.71
182,2012-11-20,120.16,521.638,4.3,20.64,1.71
183,2012-11-21,120.28,521.638,4.3,20.92,1.71
184,2012-11-23,120.26,521.638,4.3,21.19,1.71
185,2012-11-26,120.26,521.638,4.3,21.01,1.71
186,2012-11-27,120.1,521.638,4.3,20.94,1.71
187,2012-11-28,119.94,521.638,4.3,20.59,1.71
188,2012-11-29,119.97,521.638,4.3,21.5,1.71
189,2012-11-30,120.35,521.638,4.3,21.58,1.71
190,2012-12-03,113.79,521.638,4.3,21.46,1.71
191,2012-12-04,114.59,521.638,4.3,21.07,1.71
192,2012-12-05,117.68,521.638,4.3,21.41,1.71
193,2012-12-06,118.49,521.638,4.3,21.27,1.71
194,2012-12-07,121.29,521.638,4.3,21.51,1.71
195,2012-12-10,121.4,521.638,4.3,21.9,1.71
196,2012-12-11,121.4,521.638,4.3,22.39,1.71
197,2012-12-12,122.31,521.638,4.3,22.62,1.71
198,2012-12-13,122.73,521.638,4.3,22.74,1.71
199,2012-12-14,124.33,521.638,4.3,23.65,1.71
200,2012-12-17,126.0,521.638,4.3,24.11,1.71
201,2012-12-18,126.5,521.638,4.3,24.58,1.71
202,2012-12-19,127.08,521.638,4.3,24.14,1.71
203,2012-12-20,127.58,521.638,4.3,24.25,1.71
204,2012-12-21,127.63,521.638,4.3,24.05,1.71
205,2012-12-24,129.75,521.638,4.3,24.05,1.71
206,2012-12-26,129.75,521.638,4.3,24.21,1.71
207,2012-12-27,128.82,521.638,4.3,24.2,1.71
208,2012-12-28,128.23,521.638,4.3,24.27,1.71
209,2012-12-31,128.55,521.638,4.3,24.27,2.48
210,2013-01-02,146.74,521.638,4.3,25.31,2.48
211,2013-01-03,151.24,521.638,4.3,24.88,2.48
212,2013-01-04,148.91,521.638,4.3,24.41,2.48
213,2013-01-07,150.16,521.638,4.3,24.02,2.48
214,2013-01-08,152.39,521.638,4.3,23.83,2.48
215,2013-01-09,151.99,521.638,4.3,23.94,2.48
216,2013-01-10,151.66,521.638,4.3,24.19,2.48
217,2013-01-11,151.16,521.638,4.3,23.69,2.48
218,2013-01-14,152.78,521.638,4.3,23.78,2.48
219,2013-01-15,152.19,521.638,4.3,23.63,2.48
220,2013-01-16,151.37,521.638,4.3,23.48,2.48
221,2013-01-17,151.31,521.638,4.3,23.52,2.48
222,2013-01-18,151.57,521.638,4.3,23.31,2.48
223,2013-01-22,151.35,521.638,4.3,23.62,2.48
224,2013-01-23,151.23,521.638,4.3,23.45,2.48
225,2013-01-24,151.03,521.638,4.3,22.96,2.48
226,2013-01-25,150.88,521.638,4.3,22.96,2.48
227,2013-01-28,150.8,521.638,4.3,22.27,2.48
228,2013-01-29,150.7,521.638,4.3,22.52,2.48
229,2013-01-30,150.75,521.638,4.3,22.24,2.48
230,2013-01-31,150.86,521.638,4.3,23.11,2.48
231,2013-02-01,153.64,529.029,4.9,23.45,2.48
232,2013-02-04,156.15,529.029,4.9,23.22,2.48
233,2013-02-05,154.83,529.029,4.9,22.79,2.48
234,2013-02-06,155.97,529.029,4.9,23.05,2.48
235,2013-02-07,156.65,529.029,4.9,22.4,2.48
236,2013-02-08,157.3,529.029,4.9,22.58,2.48
237,2013-02-11,156.72,529.029,4.9,22.58,2.48
238,2013-02-12,156.83,529.029,4.9,22.58,2.48
239,2013-02-13,156.62,529.029,4.9,22.45,2.48
240,2013-02-14,156.37,529.029,4.9,22.15,2.48
241,2013-02-15,155.28,529.029,4.9,21.98,2.48
242,2013-02-19,155.43,529.029,4.9,21.61,2.48
243,2013-02-20,155.39,529.029,4.9,20.92,2.48
244,2013-02-21,155.52,529.029,4.9,21.07,2.48
245,2013-02-22,155.3,529.029,4.9,20.5,2.48
246,2013-02-25,155.21,529.029,4.9,20.6,2.48
247,2013-02-26,155.01,529.029,4.9,21.01,2.48
248,2013-02-27,154.82,529.029,4.9,21.24,2.48
249,2013-02-28,154.64,529.029,4.9,21.7,2.48
250,2013-03-01,146.85,531.691,5.0,21.1,2.48
251,2013-03-04,142.96,531.691,5.0,20.46,2.48
252,2013-03-05,143.74,531.691,5.0,20.35,2.48
253,2013-03-06,146.0,531.691,5.0,21.47,2.48
254,2013-03-07,145.56,531.691,5.0,21.46,2.48
255,2013-03-08,145.26,531.691,5.0,20.86,2.48
256,2013-03-11,143.91,531.691,5.0,21.05,2.48
257,2013-03-12,142.61,531.691,5.0,20.83,2.48
258,2013-03-13,142.12,531.691,5.0,20.01,2.48
259,2013-03-14,140.84,531.691,5.0,20.09,2.48
260,2013-03-15,142.28,531.691,5.0,19.94,2.48
261,2013-03-18,141.17,531.691,5.0,20.1,2.48
262,2013-03-19,140.92,531.691,5.0,19.28,2.48
263,2013-03-20,140.71,531.691,5.0,19.72,2.48
264,2013-03-21,140.8,531.691,5.0,19.88,2.48
265,2013-03-22,140.9,531.691,5.0,19.92,2.48
266,2013-03-25,140.7,531.691,5.0,19.66,2.48
267,2013-03-26,140.5,531.691,5.0,19.77,2.48
268,2013-03-27,140.04,531.691,5.0,20.17,2.48
269,2013-03-28,139.87,531.691,5.0,20.03,2.48
270,2013-04-01,136.7,535.601,5.0,19.48,2.48
271,2013-04-02,136.59,535.601,5.0,19.06,2.48
272,2013-04-03,136.8,535.601,5.0,20.29,2.48
273,2013-04-04,137.2,535.601,5.0,19.63,2.48
274,2013-04-05,136.54,535.601,5.0,19.84,2.48
275,2013-04-08,137.52,535.601,5.0,19.92,2.48
276,2013-04-09,138.23,535.601,5.0,20.77,2.48
277,2013-04-10,138.68,535.601,5.0,20.09,2.48
278,2013-04-11,139.0,535.601,5.0,19.6,2.48
279,2013-04-12,138.96,535.601,5.0,19.85,2.48
280,2013-04-15,138.48,535.601,5.0,18.63,2.48
281,2013-04-16,138.36,535.601,5.0,19.06,2.48
282,2013-04-17,138.07,535.601,5.0,19.14,2.48
283,2013-04-18,138.25,535.601,5.0,18.81,2.48
284,2013-04-19,138.28,535.601,5.0,18.92,2.48
285,2013-04-22,138.15,535.601,5.0,19.19,2.48
286,2013-04-23,138.15,535.601,5.0,19.69,2.48
287,2013-04-24,138.01,535.601,5.0,19.8,2.48
288,2013-04-25,137.89,535.601,5.0,20.18,2.48
289,2013-04-26,137.89,535.601,5.0,19.53,2.48
290,2013-04-29,137.8,535.601,5.0,19.81,2.48
291,2013-04-30,137.44,535.601,5.0,20.19,2.48
292,2013-05-01,129.0,547.655,4.8,20.19,2.48
293,2013-05-02,126.15,547.655,4.8,19.74,2.48
294,2013-05-03,127.46,547.655,4.8,19.93,2.48
295,2013-05-06,127.5,547.655,4.8,19.94,2.48
296,2013-05-07,130.59,547.655,4.8,20.54,2.48
297,2013-05-08,130.97,547.655,4.8,20.61,2.48
298,2013-05-09,130.18,547.655,4.8,20.72,2.48
299,2013-05-13,129.38,547.655,4.8,19.71,2.48
300,2013-05-14,128.6,547.655,4.8,19.33,2.48
301,2013-05-15,127.93,547.655,4.8,18.92,2.48
302,2013-05-16,127.8,547.655,4.8,18.48,2.48
303,2013-05-17,127.47,547.655,4.8,18.66,2.48
304,2013-05-20,127.3,547.655,4.8,19.39,2.48
305,2013-05-21,127.34,547.655,4.8,19.54,2.48
306,2013-05-22,127.08,547.655,4.8,19.23,2.48
307,2013-05-23,126.71,547.655,4.8,18.87,2.48
308,2013-05-24,126.73,547.655,4.8,18.69,2.48
309,2013-05-28,126.5,547.655,4.8,18.45,2.48
310,2013-05-29,125.31,547.655,4.8,18.3,2.48
311,2013-05-30,124.66,547.655,4.8,18.3,2.48
312,2013-06-03,117.25,547.655,4.8,18.63,2.48
313,2013-06-04,118.33,547.655,4.8,18.86,2.48
314,2013-06-05,114.5,547.655,4.8,18.23,2.48
315,2013-06-06,111.25,547.655,4.8,18.44,2.48
316,2013-06-07,111.83,547.655,4.8,18.14,2.48
317,2013-06-10,112.25,547.655,4.8,17.96,2.48
318,2013-06-11,112.58,547.655,4.8,17.51,2.48
319,2013-06-12,112.54,547.655,4.8,17.33,2.48
320,2013-06-13,112.33,547.655,4.8,18.21,2.48
321,2013-06-14,114.67,547.655,4.8,17.73,2.48
322,2013-06-17,115.67,547.655,4.8,17.92,2.48
323,2013-06-18,116.08,547.655,4.8,18.29,2.48
324,2013-06-19,116.58,547.655,4.8,18.1,2.48
325,2013-06-20,115.17,547.655,4.8,18.25,2.48
326,2013-06-21,115.17,547.655,4.8,17.95,2.48
327,2013-06-24,115.0,547.655,4.8,17.03,2.48
328,2013-06-25,114.83,547.655,4.8,17.33,2.48
329,2013-06-26,114.67,547.655,4.8,16.77,2.48
330,2013-06-27,114.75,547.655,4.8,16.77,2.48
331,2013-07-01,116.75,556.6,4.6,17.38,2.48
332,2013-07-02,119.33,556.6,4.6,16.8,2.48
333,2013-07-03,120.17,556.6,4.6,16.74,2.48
334,2013-07-05,120.92,556.6,4.6,16.92,2.48
335,2013-07-08,120.24,556.6,4.6,16.74,2.48
336,2013-07-09,120.82,556.6,4.6,16.74,2.48
337,2013-07-10,121.26,556.6,4.6,17.08,2.48
338,2013-07-11,121.75,556.6,4.6,17.87,2.48
339,2013-07-12,122.31,556.6,4.6,17.59,2.48
340,2013-07-15,122.77,556.6,4.6,17.76,2.48
341,2013-07-16,123.34,556.6,4.6,18.41,2.48
342,2013-07-17,123.93,556.6,4.6,18.77,2.48
343,2013-07-18,124.54,556.6,4.6,18.66,2.48
344,2013-07-19,127.47,556.6,4.6,18.22,2.48
345,2013-07-22,127.4,556.6,4.6,18.52,2.48
346,2013-07-23,127.52,556.6,4.6,18.88,2.48
347,2013-07-24,127.58,556.6,4.6,18.81,2.48
348,2013-07-25,127.58,556.6,4.6,19.02,2.48
349,2013-07-26,127.67,556.6,4.6,19.02,2.48
350,2013-07-29,127.55,556.6,4.6,18.77,2.48
351,2013-07-30,127.47,556.6,4.6,18.31,2.48
352,2013-07-31,127.43,556.6,4.6,18.29,2.48
353,2013-08-01,127.12,558.34,4.5,18.47,2.48
354,2013-08-02,128.78,558.34,4.5,18.42,2.48
355,2013-08-05,129.57,558.34,4.5,18.6,2.48
356,2013-08-06,131.9,558.34,4.5,18.46,2.48
357,2013-08-07,132.91,558.34,4.5,18.86,2.48
358,2013-08-08,133.6,558.34,4.5,19.56,2.48
359,2013-08-09,134.16,558.34,4.5,20.49,2.48
360,2013-08-12,135.91,558.34,4.5,20.93,2.48
361,2013-08-13,136.29,558.34,4.5,20.99,2.48
362,2013-08-14,135.79,558.34,4.5,21.09,2.48
363,2013-08-15,134.93,558.34,4.5,21.31,2.48
364,2013-08-16,135.85,558.34,4.5,21.58,2.48
365,2013-08-19,136.01,558.34,4.5,21.46,2.48
366,2013-08-20,136.26,558.34,4.5,20.86,2.48
367,2013-08-21,136.32,558.34,4.5,20.64,2.48
368,2013-08-22,136.43,558.34,4.5,21.38,2.48
369,2013-08-23,136.87,558.34,4.5,21.29,2.48
370,2013-08-26,136.92,558.34,4.5,21.16,2.48
371,2013-08-27,136.89,558.34,4.5,20.79,2.48
372,2013-08-28,136.94,558.34,4.5,20.54,2.48
373,2013-08-29,137.0,558.34,4.5,20.04,2.48
374,2013-08-30,137.05,558.34,4.5,20.29,2.48
375,2013-09-03,134.15,558.34,4.5,21.13,2.48
376,2013-09-04,135.28,558.34,4.5,21.22,2.48
377,2013-09-05,134.08,558.34,4.5,21.22,2.48
378,2013-09-06,134.03,558.34,4.5,21.15,2.48
379,2013-09-09,135.36,558.34,4.5,21.78,2.48
380,2013-09-10,134.89,558.34,4.5,22.31,2.48
381,2013-09-11,135.25,558.34,4.5,21.89,2.48
382,2013-09-12,135.28,558.34,4.5,21.78,2.48
383,2013-09-13,135.08,558.34,4.5,21.52,2.48
384,2013-09-16,134.79,558.34,4.5,21.45,2.48
385,2013-09-17,134.67,558.34,4.5,21.51,2.48
386,2013-09-18,134.73,558.34,4.5,21.54,2.48
387,2013-09-19,134.67,558.34,4.5,21.45,2.48
388,2013-09-20,134.64,558.34,4.5,21.03,2.48
389,2013-09-23,134.55,558.34,4.5,21.23,2.48
390,2013-09-24,134.48,558.34,4.5,20.9,2.48
391,2013-09-25,134.45,558.34,4.5,21.08,2.48
392,2013-09-26,134.45,558.34,4.5,21.22,2.48
393,2013-09-27,134.33,558.34,4.5,20.73,2.48
394,2013-09-30,134.19,558.34,4.5,20.31,2.76
395,2013-10-01,127.43,562.241,4.2,20.34,2.76
396,2013-10-02,129.32,562.241,4.2,20.34,2.76
397,2013-10-03,129.53,562.241,4.2,20.07,2.76
398,2013-10-04,129.73,562.241,4.2,20.28,2.76
399,2013-10-07,129.91,562.241,4.2,20.1,2.76
400,2013-10-08,130.19,562.241,4.2,19.81,2.76
401,2013-10-09,130.76,562.241,4.2,19.57,2.76
402,2013-10-10,131.4,562.241,4.2,19.72,2.76
403,2013-10-11,131.94,562.241,4.2,19.91,2.76
404,2013-10-14,132.29,562.241,4.2,20.83,2.76
405,2013-10-15,132.55,562.241,4.2,21.0,2.76
406,2013-10-16,132.34,562.241,4.2,20.89,2.76
407,2013-10-17,132.59,562.241,4.2,21.14,2.76
408,2013-10-18,132.65,562.241,4.2,21.15,2.76
409,2013-10-21,132.69,562.241,4.2,21.42,2.76
410,2013-10-22,132.67,562.241,4.2,21.73,2.76
411,2013-10-23,132.6,562.241,4.2,21.22,2.76
412,2013-10-24,132.68,562.241,4.2,21.22,2.76
413,2013-10-25,132.76,562.241,4.2,21.23,2.76
414,2013-10-28,132.73,562.241,4.2,21.38,2.76
415,2013-10-29,132.61,562.241,4.2,21.28,2.76
416,2013-10-30,132.59,562.241,4.2,21.2,2.76
417,2013-10-31,132.57,562.241,4.2,21.65,2.76
418,2013-11-01,133.82,564.201,4.1,22.34,2.76
419,2013-11-04,134.22,564.201,4.1,22.95,2.76
420,2013-11-05,135.0,564.201,4.1,22.9,2.76
421,2013-11-06,135.39,564.201,4.1,23.29,2.76
422,2013-11-07,135.23,564.201,4.1,22.54,2.76
423,2013-11-08,135.25,564.201,4.1,22.25,2.76
424,2013-11-11,135.12,564.201,4.1,22.37,2.76
425,2013-11-12,135.81,564.201,4.1,21.67,2.76
426,2013-11-13,135.65,564.201,4.1,21.51,2.76
427,2013-11-14,135.72,564.201,4.1,21.72,2.76
428,2013-11-15,135.71,564.201,4.1,21.72,2.76
429,2013-11-18,135.82,564.201,4.1,21.95,2.76
430,2013-11-19,135.95,564.201,4.1,21.55,2.76
431,2013-11-20,136.1,564.201,4.1,21.55,2.76
432,2013-11-21,136.23,564.201,4.1,21.2,2.76
433,2013-11-22,136.33,564.201,4.1,21.39,2.76
434,2013-11-25,136.37,564.201,4.1,20.98,2.76
435,2013-11-26,136.36,564.201,4.1,20.31,2.76
436,2013-11-27,136.32,564.201,4.1,20.73,2.76
437,2013-12-02,136.16,564.201,4.1,21.44,2.76
438,2013-12-03,137.39,564.201,4.1,21.24,2.76
439,2013-12-04,138.52,564.201,4.1,21.32,2.76
440,2013-12-05,138.05,564.201,4.1,21.57,2.76
441,2013-12-06,138.1,564.201,4.1,21.53,2.76
442,2013-12-09,138.7,564.201,4.1,21.74,2.76
443,2013-12-10,138.41,564.201,4.1,21.45,2.76
444,2013-12-11,138.04,564.201,4.1,21.01,2.76
445,2013-12-12,137.52,564.201,4.1,20.92,2.76
446,2013-12-13,137.4,564.201,4.1,20.79,2.76
447,2013-12-16,137.48,564.201,4.1,20.82,2.76
448,2013-12-17,137.05,564.201,4.1,20.75,2.76
449,2013-12-18,136.97,564.201,4.1,20.81,2.76
450,2013-12-19,136.76,564.201,4.1,21.26,2.76
451,2013-12-20,136.61,564.201,4.1,20.86,2.76
452,2013-12-23,136.28,564.201,4.1,20.92,2.76
453,2013-12-24,136.27,564.201,4.1,20.92,2.76
454,2013-12-26,136.13,564.201,4.1,21.02,2.76
455,2013-12-27,135.93,564.201,4.1,21.49,2.76
456,2013-12-30,135.88,564.201,4.1,21.62,2.76
457,2013-12-31,135.79,564.201,4.1,21.62,2.53
458,2014-01-02,133.33,564.201,4.1,21.08,2.53
459,2014-01-03,132.71,564.201,4.1,20.47,2.53
460,2014-01-06,132.18,564.201,4.1,20.64,2.53
461,2014-01-07,132.02,564.201,4.1,20.13,2.53
462,2014-01-08,131.93,564.201,4.1,20.27,2.53
463,2014-01-09,130.91,564.201,4.1,19.55,2.53
464,2014-01-10,130.82,564.201,4.1,19.53,2.53
465,2014-01-13,130.63,564.201,4.1,19.4,2.53
466,2014-01-14,131.01,564.201,4.1,19.39,2.53
467,2014-01-15,130.89,564.201,4.1,19.65,2.53
468,2014-01-16,130.38,564.201,4.1,19.88,2.53
469,2014-01-17,129.73,564.201,4.1,19.67,2.53
470,2014-01-21,129.18,564.201,4.1,18.82,2.53
471,2014-01-22,129.23,564.201,4.1,19.26,2.53
472,2014-01-23,129.16,564.201,4.1,18.73,2.53
473,2014-01-24,128.98,564.201,4.1,18.92,2.53
474,2014-01-27,128.81,564.201,4.1,18.84,2.53
475,2014-01-28,128.55,564.201,4.1,19.22,2.53
476,2014-01-29,128.46,564.201,4.1,20.04,2.53
477,2014-01-30,128.12,564.201,4.1,19.68,2.53
478,2014-01-31,122.63,564.201,4.1,20.01,2.53
479,2014-02-03,122.51,564.201,4.1,19.45,2.53
480,2014-02-04,122.29,564.201,4.1,19.78,2.53
481,2014-02-05,121.87,564.201,4.1,20.28,2.53
482,2014-02-06,122.03,564.201,4.1,20.74,2.53
483,2014-02-07,121.04,564.201,4.1,20.62,2.53
484,2014-02-10,120.87,564.201,4.1,20.37,2.53
485,2014-02-11,120.68,564.201,4.1,20.88,2.53
486,2014-02-12,121.17,564.201,4.1,20.86,2.53
487,2014-02-13,122.04,564.201,4.1,20.78,2.53
488,2014-02-14,122.39,564.201,4.1,21.09,2.53
489,2014-02-18,122.33,564.201,4.1,20.93,2.53
490,2014-02-19,122.39,564.201,4.1,21.14,2.53
491,2014-02-20,122.17,564.201,4.1,20.9,2.53
492,2014-02-21,122.27,564.201,4.1,20.96,2.53
493,2014-02-24,121.82,564.201,4.1,20.39,2.53
494,2014-02-25,121.71,564.201,4.1,19.68,2.53
495,2014-02-26,121.6,564.201,4.1,19.69,2.53
496,2014-02-27,121.54,564.201,4.1,19.99,2.53
497,2014-02-28,121.37,564.201,4.1,19.98,2.53
498,2014-03-03,115.0,564.201,4.1,19.98,2.53
499,2014-03-04,114.84,564.201,4.1,19.98,2.53
500,2014-03-05,115.65,564.201,4.1,19.28,2.53
501,2014-03-06,115.52,564.201,4.1,19.22,2.53
502,2014-03-07,113.76,564.201,4.1,18.5,2.53
503,2014-03-10,109.2,564.201,4.1,18.19,2.53
504,2014-03-11,110.6,564.201,4.1,17.89,2.53
505,2014-03-12,110.87,564.201,4.1,18.23,2.53
506,2014-03-13,112.66,564.201,4.1,17.74,2.53
507,2014-03-14,111.43,564.201,4.1,17.72,2.53
508,2014-03-17,111.13,564.201,4.1,17.75,2.53
509,2014-03-18,111.57,564.201,4.1,18.05,2.53
510,2014-03-19,111.56,564.201,4.1,17.93,2.53
511,2014-03-20,111.56,564.201,4.1,18.09,2.53
512,2014-03-21,111.43,564.201,4.1,18.42,2.53
513,2014-03-24,111.43,564.201,4.1,18.52,2.53
514,2014-03-25,111.55,564.201,4.1,18.66,2.53
515,2014-03-26,111.61,564.201,4.1,18.45,2.53
516,2014-03-27,111.54,564.201,4.1,18.84,2.53
517,2014-03-28,111.58,564.201,4.1,18.78,2.53
518,2014-03-31,111.83,564.201,4.1,19.02,3.47
519,2014-04-01,116.67,578.224,4.5,18.99,3.47
520,2014-04-02,114.69,578.224,4.5,19.7,3.47
521,2014-04-03,115.48,578.224,4.5,19.93,3.47
522,2014-04-04,116.07,578.224,4.5,19.67,3.47
523,2014-04-07,118.16,578.224,4.5,20.19,3.47
524,2014-04-08,118.7,578.224,4.5,20.14,3.47
525,2014-04-09,118.36,578.224,4.5,19.97,3.47
526,2014-04-10,117.3,578.224,4.5,19.86,3.47
527,2014-04-11,117.09,578.224,4.5,19.96,3.47
528,2014-04-14,116.95,578.224,4.5,19.91,3.47
529,2014-04-15,116.75,578.224,4.5,19.26,3.47
530,2014-04-16,116.77,578.224,4.5,19.35,3.47
531,2014-04-17,116.79,578.224,4.5,19.7,3.47
532,2014-04-21,116.27,578.224,4.5,19.7,3.47
533,2014-04-22,116.0,578.224,4.5,19.12,3.47
534,2014-04-23,115.91,578.224,4.5,18.85,3.47
535,2014-04-24,115.92,578.224,4.5,19.17,3.47
536,2014-04-25,115.72,578.224,4.5,18.87,3.47
537,2014-04-28,115.38,578.224,4.5,18.42,3.47
538,2014-04-29,115.03,578.224,4.5,18.54,3.47
539,2014-04-30,114.58,578.224,4.5,18.3,3.47
540,2014-05-01,105.75,590.099,4.4,18.3,3.47
541,2014-05-02,106.56,590.099,4.4,18.8,3.47
542,2014-05-05,106.67,590.099,4.4,18.74,3.47
543,2014-05-06,106.5,590.099,4.4,18.56,3.47
544,2014-05-07,104.94,590.099,4.4,18.66,3.47
545,2014-05-08,104.0,590.099,4.4,18.34,3.47
546,2014-05-09,103.78,590.099,4.4,18.19,3.47
547,2014-05-12,104.77,590.099,4.4,19.05,3.47
548,2014-05-13,104.22,590.099,4.4,19.08,3.47
549,2014-05-14,104.45,590.099,4.4,19.54,3.47
550,2014-05-15,103.91,590.099,4.4,19.36,3.47
551,2014-05-16,102.8,590.099,4.4,18.92,3.47
552,2014-05-19,102.35,590.099,4.4,18.34,3.47
553,2014-05-20,101.97,590.099,4.4,17.96,3.47
554,2014-05-21,102.31,590.099,4.4,17.98,3.47
555,2014-05-22,102.24,590.099,4.4,18.26,3.47
556,2014-05-23,101.8,590.099,4.4,18.21,3.47
557,2014-05-27,101.5,590.099,4.4,18.11,3.47
558,2014-05-28,101.15,590.099,4.4,18.11,3.47
559,2014-05-29,100.89,590.099,4.4,18.26,3.47
560,2014-06-02,93.91,590.099,4.4,18.14,3.47
561,2014-06-03,93.84,590.099,4.4,17.96,3.47
562,2014-06-04,95.51,590.099,4.4,18.0,3.47
563,2014-06-05,94.22,590.099,4.4,17.91,3.47
564,2014-06-06,94.86,590.099,4.4,18.28,3.47
565,2014-06-09,94.01,590.099,4.4,18.44,3.47
566,2014-06-10,93.34,590.099,4.4,18.33,3.47
567,2014-06-11,93.26,590.099,4.4,18.45,3.47
568,2014-06-12,92.38,590.099,4.4,18.45,3.47
569,2014-06-13,92.26,590.099,4.4,17.8,3.47
570,2014-06-16,91.63,590.099,4.4,17.69,3.47
571,2014-06-17,91.79,590.099,4.4,17.71,3.47
572,2014-06-18,91.8,590.099,4.4,17.96,3.47
573,2014-06-19,92.01,590.099,4.4,17.96,3.47
574,2014-06-20,92.19,590.099,4.4,17.91,3.47
575,2014-06-23,92.34,590.099,4.4,18.12,3.47
576,2014-06-24,92.41,590.099,4.4,17.87,3.47
577,2014-06-25,92.5,590.099,4.4,17.84,3.47
578,2014-06-26,92.61,590.099,4.4,18.26,3.47
579,2014-06-27,92.7,590.099,4.4,18.09,3.47
580,2014-06-30,92.74,590.099,4.4,18.2,-0.44
581,2014-07-01,95.12,598.441,4.4,18.46,-0.44
582,2014-07-02,96.36,598.441,4.4,18.95,-0.44
583,2014-07-03,96.39,598.441,4.4,19.32,-0.44
584,2014-07-07,95.32,598.441,4.4,19.17,-0.44
585,2014-07-08,96.27,598.441,4.4,19.18,-0.44
586,2014-07-09,95.84,598.441,4.4,19.18,-0.44
587,2014-07-10,96.26,598.441,4.4,19.17,-0.44
588,2014-07-11,96.46,598.441,4.4,19.11,-0.44
589,2014-07-14,97.01,598.441,4.4,19.21,-0.44
590,2014-07-15,96.92,598.441,4.4,19.33,-0.44
591,2014-07-16,96.88,598.441,4.4,19.87,-0.44
592,2014-07-17,96.61,598.441,4.4,19.6,-0.44
593,2014-07-18,96.23,598.441,4.4,19.58,-0.44
594,2014-07-21,96.2,598.441,4.4,19.65,-0.44
595,2014-07-22,96.21,598.441,4.4,19.84,-0.44
596,2014-07-23,96.07,598.441,4.4,19.75,-0.44
597,2014-07-24,95.99,598.441,4.4,20.13,-0.44
598,2014-07-25,96.02,598.441,4.4,20.16,-0.44
599,2014-07-28,96.07,598.441,4.4,20.43,-0.44
600,2014-07-29,96.04,598.441,4.4,20.49,-0.44
601,2014-07-30,96.06,598.441,4.4,20.06,-0.44
602,2014-07-31,96.05,598.441,4.4,20.26,-0.44
603,2014-08-01,94.69,598.898,4.3,19.78,-0.44
604,2014-08-04,96.01,598.898,4.3,20.01,-0.44
605,2014-08-05,95.98,598.898,4.3,19.68,-0.44
606,2014-08-06,95.7,598.898,4.3,19.79,-0.44
607,2014-08-07,95.4,598.898,4.3,19.67,-0.44
608,2014-08-08,95.35,598.898,4.3,19.68,-0.44
609,2014-08-11,95.11,598.898,4.3,19.82,-0.44
610,2014-08-12,94.65,598.898,4.3,19.93,-0.44
611,2014-08-13,94.46,598.898,4.3,19.51,-0.44
612,2014-08-14,94.25,598.898,4.3,19.04,-0.44
613,2014-08-15,94.56,598.898,4.3,19.3,-0.44
614,2014-08-18,94.03,598.898,4.3,19.45,-0.44
615,2014-08-19,94.05,598.898,4.3,19.45,-0.44
616,2014-08-20,93.94,598.898,4.3,19.78,-0.44
617,2014-08-21,93.86,598.898,4.3,19.65,-0.44
618,2014-08-22,93.7,598.898,4.3,19.53,-0.44
619,2014-08-25,93.43,598.898,4.3,19.4,-0.44
620,2014-08-26,93.32,598.898,4.3,19.31,-0.44
621,2014-08-27,93.1,598.898,4.3,19.1,-0.44
622,2014-08-28,92.84,598.898,4.3,18.26,-0.44
623,2014-09-02,86.7,598.898,4.3,17.9,-0.44
624,2014-09-03,85.27,598.898,4.3,18.05,-0.44
625,2014-09-04,84.71,598.898,4.3,17.85,-0.44
626,2014-09-05,83.84,598.898,4.3,17.58,-0.44
627,2014-09-08,84.66,598.898,4.3,17.49,-0.44
628,2014-09-09,83.7,598.898,4.3,17.81,-0.44
629,2014-09-10,83.56,598.898,4.3,17.68,-0.44
630,2014-09-11,83.42,598.898,4.3,17.65,-0.44
631,2014-09-12,84.06,598.898,4.3,17.82,-0.44
632,2014-09-15,84.71,598.898,4.3,18.12,-0.44
633,2014-09-16,84.17,598.898,4.3,18.15,-0.44
634,2014-09-17,84.1,598.898,4.3,18.09,-0.44
635,2014-09-18,83.81,598.898,4.3,18.11,-0.44
636,2014-09-19,83.51,598.898,4.3,17.63,-0.44
637,2014-09-22,83.08,598.898,4.3,16.98,-0.44
638,2014-09-23,83.08,598.898,4.3,17.15,-0.44
639,2014-09-24,82.94,598.898,4.3,17.21,-0.44
640,2014-09-25,82.7,598.898,4.3,17.02,-0.44
641,2014-09-26,82.49,598.898,4.3,16.79,-0.44
642,2014-09-29,82.27,598.898,4.3,16.52,-0.44
643,2014-09-30,82.27,598.898,4.3,16.71,-0.64
644,2014-10-01,78.85,600.865,4.2,16.7,-0.64
645,2014-10-02,79.19,600.865,4.2,17.19,-0.64
646,2014-10-03,79.17,600.865,4.2,16.93,-0.64
647,2014-10-06,79.17,600.865,4.2,17.02,-0.64
648,2014-10-07,79.44,600.865,4.2,17.06,-0.64
649,2014-10-08,78.33,600.865,4.2,17.04,-0.64
650,2014-10-09,78.67,600.865,4.2,16.74,-0.64
651,2014-10-10,80.12,600.865,4.2,16.34,-0.64
652,2014-10-13,81.67,600.865,4.2,17.11,-0.64
653,2014-10-14,81.61,600.865,4.2,17.62,-0.64
654,2014-10-15,80.8,600.865,4.2,17.62,-0.64
655,2014-10-16,80.42,600.865,4.2,17.04,-0.64
656,2014-10-17,80.43,600.865,4.2,17.19,-0.64
657,2014-10-20,80.58,600.865,4.2,17.02,-0.64
658,2014-10-21,80.52,600.865,4.2,17.28,-0.64
659,2014-10-22,80.52,600.865,4.2,17.28,-0.64
660,2014-10-23,80.41,600.865,4.2,17.6,-0.64
661,2014-10-24,80.45,600.865,4.2,17.73,-0.64
662,2014-10-27,80.35,600.865,4.2,17.02,-0.64
663,2014-10-28,80.27,600.865,4.2,16.88,-0.64
664,2014-10-29,80.24,600.865,4.2,15.99,-0.64
665,2014-10-30,80.16,600.865,4.2,15.31,-0.64
666,2014-10-31,80.08,600.865,4.2,16.15,-0.64
667,2014-11-03,78.07,600.865,4.2,16.08,-0.64
668,2014-11-04,77.42,600.865,4.2,15.57,-0.64
669,2014-11-05,76.22,600.865,4.2,15.5,-0.64
670,2014-11-06,75.77,600.865,4.2,15.27,-0.64
671,2014-11-07,76.35,600.865,4.2,15.51,-0.64
672,2014-11-10,76.05,600.865,4.2,15.05,-0.64
673,2014-11-11,75.91,600.865,4.2,14.58,-0.64
674,2014-11-12,75.95,600.865,4.2,14.54,-0.64
675,2014-11-13,75.93,600.865,4.2,14.51,-0.64
676,2014-11-14,75.67,600.865,4.2,14.85,-0.64
677,2014-11-17,75.55,600.865,4.2,14.81,-0.64
678,2014-11-18,74.91,600.865,4.2,14.23,-0.64
679,2014-11-19,74.6,600.865,4.2,14.31,-0.64
680,2014-11-20,74.27,600.865,4.2,14.31,-0.64
681,2014-11-21,74.1,600.865,4.2,15.24,-0.64
682,2014-11-24,74.02,600.865,4.2,15.31,-0.64
683,2014-11-25,73.69,600.865,4.2,15.47,-0.64
684,2014-11-26,73.44,600.865,4.2,14.88,-0.64
685,2014-11-28,73.13,600.865,4.2,15.05,-0.64
686,2014-12-01,69.75,604.026,4.1,14.35,-0.64
687,2014-12-02,69.86,604.026,4.1,13.98,-0.64
688,2014-12-03,69.85,604.026,4.1,14.18,-0.64
689,2014-12-04,70.83,604.026,4.1,14.0,-0.64
690,2014-12-05,71.06,604.026,4.1,14.13,-0.64
691,2014-12-08,70.34,604.026,4.1,13.68,-0.64
692,2014-12-09,69.9,604.026,4.1,13.37,-0.64
693,2014-12-10,69.8,604.026,4.1,12.87,-0.64
694,2014-12-11,69.66,604.026,4.1,12.51,-0.64
695,2014-12-12,69.67,604.026,4.1,12.21,-0.64
696,2014-12-15,69.37,604.026,4.1,12.07,-0.64
697,2014-12-16,69.02,604.026,4.1,12.5,-0.64
698,2014-12-17,69.05,604.026,4.1,12.73,-0.64
699,2014-12-18,69.15,604.026,4.1,12.89,-0.64
700,2014-12-19,69.41,604.026,4.1,13.93,-0.64
701,2014-12-22,69.05,604.026,4.1,13.8,-0.64
702,2014-12-23,68.87,604.026,4.1,14.35,-0.64
703,2014-12-24,68.77,604.026,4.1,14.35,-0.64
704,2014-12-26,68.7,604.026,4.1,14.0,-0.64
705,2014-12-29,68.71,604.026,4.1,14.28,-0.64
706,2014-12-30,68.81,604.026,4.1,14.15,-0.64
707,2014-12-31,68.92,604.026,4.1,14.15,-0.23
708,2015-01-02,70.06,604.026,4.1,13.74,-0.23
709,2015-01-05,69.98,604.026,4.1,13.54,-0.23
710,2015-01-06,71.57,604.026,4.1,14.08,-0.23
711,2015-01-07,71.24,604.026,4.1,14.6,-0.23
712,2015-01-08,70.95,604.026,4.1,14.75,-0.23
713,2015-01-09,70.66,604.026,4.1,14.43,-0.23
714,2015-01-12,69.58,604.026,4.1,14.62,-0.23
715,2015-01-13,69.25,604.026,4.1,14.54,-0.23
716,2015-01-14,69.0,604.026,4.1,13.37,-0.23
717,2015-01-15,69.27,604.026,4.1,13.52,-0.23
718,2015-01-16,69.13,604.026,4.1,14.13,-0.23
719,2015-01-20,68.91,604.026,4.1,14.04,-0.23
720,2015-01-21,68.7,604.026,4.1,14.26,-0.23
721,2015-01-22,68.64,604.026,4.1,14.15,-0.23
722,2015-01-23,68.46,604.026,4.1,13.25,-0.23
723,2015-01-26,68.18,604.026,4.1,12.65,-0.23
724,2015-01-27,67.99,604.026,4.1,12.27,-0.23
725,2015-01-28,67.75,604.026,4.1,12.24,-0.23
726,2015-01-29,67.49,604.026,4.1,11.66,-0.23
727,2015-01-30,67.2,604.026,4.1,12.02,-0.23
728,2015-02-02,61.97,604.026,4.1,12.75,-0.23
729,2015-02-03,62.87,604.026,4.1,13.48,-0.23
730,2015-02-04,62.89,604.026,4.1,13.27,-0.23
731,2015-02-05,61.89,604.026,4.1,13.21,-0.23
732,2015-02-06,62.23,604.026,4.1,13.19,-0.23
733,2015-02-09,61.76,604.026,4.1,13.94,-0.23
734,2015-02-10,62.02,604.026,4.1,13.18,-0.23
735,2015-02-11,62.27,604.026,4.1,13.63,-0.23
736,2015-02-12,62.27,604.026,4.1,13.94,-0.23
737,2015-02-13,62.42,604.026,4.1,14.52,-0.23
738,2015-02-17,62.6,604.026,4.1,14.52,-0.23
739,2015-02-18,62.62,604.026,4.1,14.67,-0.23
740,2015-02-19,62.59,604.026,4.1,14.27,-0.23
741,2015-02-20,62.43,604.026,4.1,14.61,-0.23
742,2015-02-23,62.57,604.026,4.1,13.96,-0.23
743,2015-02-24,62.63,604.026,4.1,14.23,-0.23
744,2015-02-25,62.59,604.026,4.1,14.3,-0.23
745,2015-02-26,62.57,604.026,4.1,13.72,-0.23
746,2015-02-27,62.61,604.026,4.1,13.72,-0.23
747,2015-03-02,62.18,604.026,4.1,13.28,-0.23
748,2015-03-03,62.39,604.026,4.1,13.43,-0.23
749,2015-03-04,61.23,604.026,4.1,13.17,-0.23
750,2015-03-05,60.5,604.026,4.1,12.59,-0.23
751,2015-03-06,59.44,604.026,4.1,12.65,-0.23
752,2015-03-09,59.44,604.026,4.1,12.62,-0.23
753,2015-03-10,58.9,604.026,4.1,12.34,-0.23
754,2015-03-11,58.84,604.026,4.1,12.18,-0.23
755,2015-03-12,59.2,604.026,4.1,12.18,-0.23
756,2015-03-13,58.87,604.026,4.1,12.19,-0.23
757,2015-03-16,58.95,604.026,4.1,12.21,-0.23
758,2015-03-17,58.88,604.026,4.1,12.84,-0.23
759,2015-03-18,58.3,604.026,4.1,12.65,-0.23
760,2015-03-19,58.03,604.026,4.1,12.37,-0.23
761,2015-03-20,57.84,604.026,4.1,13.08,-0.23
762,2015-03-23,57.76,604.026,4.1,13.16,-0.23
763,2015-03-24,57.79,604.026,4.1,12.65,-0.23
764,2015-03-25,57.72,604.026,4.1,12.76,-0.23
765,2015-03-26,57.57,604.026,4.1,12.22,-0.23
766,2015-03-27,57.41,604.026,4.1,11.85,-0.23
767,2015-03-30,57.22,604.026,4.1,12.03,-0.23
768,2015-03-31,56.94,604.026,4.1,11.59,-1.62
769,2015-04-01,48.6,618.06,5.1,11.33,-1.62
770,2015-04-02,47.08,618.06,5.1,11.63,-1.62
771,2015-04-03,47.08,618.06,5.1,11.63,-1.62
772,2015-04-06,47.07,618.06,5.1,11.71,-1.62
773,2015-04-07,47.81,618.06,5.1,12.27,-1.62
774,2015-04-08,48.09,618.06,5.1,12.11,-1.62
775,2015-04-09,47.18,618.06,5.1,12.14,-1.62
776,2015-04-10,47.19,618.06,5.1,11.9,-1.62
777,2015-04-13,48.51,618.06,5.1,11.78,-1.62
778,2015-04-14,48.85,618.06,5.1,12.11,-1.62
779,2015-04-15,48.6,618.06,5.1,12.14,-1.62
780,2015-04-16,48.77,618.06,5.1,11.79,-1.62
781,2015-04-17,49.59,618.06,5.1,11.62,-1.62
782,2015-04-20,49.0,618.06,5.1,11.57,-1.62
783,2015-04-21,48.9,618.06,5.1,11.57,-1.62
784,2015-04-22,49.3,618.06,5.1,12.69,-1.62
785,2015-04-23,49.49,618.06,5.1,13.76,-1.62
786,2015-04-24,49.98,618.06,5.1,15.14,-1.62
787,2015-04-27,50.48,618.06,5.1,15.31,-1.62
788,2015-04-28,51.62,618.06,5.1,14.72,-1.62
789,2015-04-29,51.13,618.06,5.1,13.78,-1.62
790,2015-04-30,51.36,618.06,5.1,14.78,-1.62
791,2015-05-01,53.88,623.951,5.2,14.78,-1.62
792,2015-05-04,56.52,623.951,5.2,16.17,-1.62
793,2015-05-05,57.49,623.951,5.2,17.66,-1.62
794,2015-05-06,59.31,623.951,5.2,16.27,-1.62
795,2015-05-07,58.35,623.951,5.2,15.58,-1.62
796,2015-05-08,59.02,623.951,5.2,14.85,-1.62
797,2015-05-11,59.96,623.951,5.2,15.19,-1.62
798,2015-05-12,59.68,623.951,5.2,14.57,-1.62
799,2015-05-13,59.21,623.951,5.2,14.1,-1.62
800,2015-05-14,58.44,623.951,5.2,13.92,-1.62
801,2015-05-15,59.72,623.951,5.2,13.89,-1.62
802,2015-05-18,59.45,623.951,5.2,13.21,-1.62
803,2015-05-19,59.94,623.951,5.2,13.13,-1.62
804,2015-05-20,60.2,623.951,5.2,12.95,-1.62
805,2015-05-21,59.57,623.951,5.2,13.22,-1.62
806,2015-05-22,59.62,623.951,5.2,13.22,-1.62
807,2015-05-26,59.66,623.951,5.2,13.57,-1.62
808,2015-05-27,59.98,623.951,5.2,13.67,-1.62
809,2015-05-28,60.24,623.951,5.2,13.4,-1.62
810,2015-05-29,60.39,623.951,5.2,13.08,-1.62
811,2015-06-01,59.5,635.403,5.3,13.08,-1.62
812,2015-06-02,62.24,635.403,5.3,13.93,-1.62
813,2015-06-03,62.03,635.403,5.3,13.63,-1.62
814,2015-06-04,62.1,635.403,5.3,13.63,-1.62
815,2015-06-05,61.99,635.403,5.3,13.44,-1.62
816,2015-06-08,61.74,635.403,5.3,13.12,-1.62
817,2015-06-09,62.37,635.403,5.3,13.04,-1.62
818,2015-06-10,63.45,635.403,5.3,13.84,-1.62
819,2015-06-11,64.22,635.403,5.3,13.92,-1.62
820,2015-06-12,63.68,635.403,5.3,13.81,-1.62
821,2015-06-15,63.33,635.403,5.3,13.27,-1.62
822,2015-06-16,62.94,635.403,5.3,12.89,-1.62
823,2015-06-17,62.35,635.403,5.3,12.71,-1.62
824,2015-06-18,62.65,635.403,5.3,13.31,-1.62
825,2015-06-19,62.61,635.403,5.3,13.26,-1.62
826,2015-06-22,62.57,635.403,5.3,12.85,-1.62
827,2015-06-23,62.76,635.403,5.3,12.93,-1.62
828,2015-06-24,62.72,635.403,5.3,12.92,-1.62
829,2015-06-25,62.63,635.403,5.3,12.61,-1.62
830,2015-06-26,62.53,635.403,5.3,12.8,-1.62
831,2015-06-29,62.47,635.403,5.3,12.53,-1.62
832,2015-06-30,62.33,635.403,5.3,11.94,-2.74
833,2015-07-01,55.12,638.88,5.4,11.82,-2.74
834,2015-07-02,54.02,638.88,5.4,11.79,-2.74
835,2015-07-06,51.21,638.88,5.4,11.52,-2.74
836,2015-07-07,49.97,638.88,5.4,11.7,-2.74
837,2015-07-08,47.75,638.88,5.4,11.2,-2.74
838,2015-07-09,49.87,638.88,5.4,11.2,-2.74
839,2015-07-10,50.5,638.88,5.4,11.17,-2.74
840,2015-07-13,50.54,638.88,5.4,12.07,-2.74
841,2015-07-14,50.69,638.88,5.4,11.63,-2.74
842,2015-07-15,50.68,638.88,5.4,11.17,-2.74
843,2015-07-16,50.61,638.88,5.4,11.51,-2.74
844,2015-07-17,50.73,638.88,5.4,11.39,-2.74
845,2015-07-20,51.25,638.88,5.4,11.3,-2.74
846,2015-07-21,51.28,638.88,5.4,11.45,-2.74
847,2015-07-22,51.09,638.88,5.4,11.28,-2.74
848,2015-07-23,51.17,638.88,5.4,11.3,-2.74
849,2015-07-24,51.08,638.88,5.4,10.96,-2.74
850,2015-07-27,51.13,638.88,5.4,10.94,-2.74
851,2015-07-28,51.22,638.88,5.4,11.81,-2.74
852,2015-07-29,51.36,638.88,5.4,11.98,-2.74
853,2015-07-30,51.51,638.88,5.4,11.39,-2.74
854,2015-08-03,53.59,638.88,5.4,11.48,-2.74
855,2015-08-04,53.83,638.88,5.4,11.81,-2.74
856,2015-08-05,55.3,638.88,5.4,12.41,-2.74
857,2015-08-06,54.95,638.88,5.4,12.78,-2.74
858,2015-08-07,54.21,638.88,5.4,12.02,-2.74
859,2015-08-10,54.17,638.88,5.4,12.63,-2.74
860,2015-08-11,53.95,638.88,5.4,12.14,-2.74
861,2015-08-12,54.41,638.88,5.4,12.35,-2.74
862,2015-08-13,55.31,638.88,5.4,12.06,-2.74
863,2015-08-14,55.52,638.88,5.4,11.88,-2.74
864,2015-08-17,55.32,638.88,5.4,11.75,-2.74
865,2015-08-18,55.55,638.88,5.4,11.37,-2.74
866,2015-08-19,55.63,638.88,5.4,10.99,-2.74
867,2015-08-20,55.65,638.88,5.4,11.21,-2.74
868,2015-08-21,55.71,638.88,5.4,10.9,-2.74
869,2015-08-24,55.48,638.88,5.4,10.05,-2.74
870,2015-08-25,55.37,638.88,5.4,10.02,-2.74
871,2015-08-26,55.28,638.88,5.4,10.38,-2.74
872,2015-08-27,55.22,638.88,5.4,11.54,-2.74
873,2015-08-28,55.25,638.88,5.4,11.3,-2.74
874,2015-08-31,55.28,638.88,5.4,11.69,-2.74
875,2015-09-01,54.95,644.046,5.7,11.16,-2.74
876,2015-09-02,54.93,644.046,5.7,11.82,-2.74
877,2015-09-03,55.47,644.046,5.7,12.22,-2.74
878,2015-09-04,55.51,644.046,5.7,11.9,-2.74
879,2015-09-08,55.45,644.046,5.7,12.35,-2.74
880,2015-09-09,56.59,644.046,5.7,12.44,-2.74
881,2015-09-10,57.35,644.046,5.7,13.01,-2.74
882,2015-09-11,56.82,644.046,5.7,12.69,-2.74
883,2015-09-14,56.43,644.046,5.7,12.5,-2.74
884,2015-09-15,55.99,644.046,5.7,12.14,-2.74
885,2015-09-16,56.23,644.046,5.7,12.43,-2.74
886,2015-09-17,56.36,644.046,5.7,12.72,-2.74
887,2015-09-18,56.42,644.046,5.7,12.99,-2.74
888,2015-09-21,56.56,644.046,5.7,13.01,-2.74
889,2015-09-22,56.54,644.046,5.7,12.7,-2.74
890,2015-09-23,56.59,644.046,5.7,12.33,-2.74
891,2015-09-24,56.59,644.046,5.7,12.04,-2.74
892,2015-09-25,56.57,644.046,5.7,11.7,-2.74
893,2015-09-28,56.54,644.046,5.7,10.83,-2.74
894,2015-09-29,56.46,644.046,5.7,10.75,-2.74
895,2015-09-30,56.35,644.046,5.7,10.82,-4.26
896,2015-10-01,52.78,646.355,5.7,11.24,-4.26
897,2015-10-02,52.83,646.355,5.7,11.63,-4.26
898,2015-10-05,53.59,646.355,5.7,11.84,-4.26
899,2015-10-06,53.69,646.355,5.7,11.95,-4.26
900,2015-10-07,53.61,646.355,5.7,13.15,-4.26
901,2015-10-08,53.8,646.355,5.7,13.09,-4.26
902,2015-10-09,54.17,646.355,5.7,13.57,-4.26
903,2015-10-12,54.43,646.355,5.7,13.57,-4.26
904,2015-10-13,54.04,646.355,5.7,12.13,-4.26
905,2015-10-14,54.0,646.355,5.7,12.2,-4.26
906,2015-10-15,53.87,646.355,5.7,12.38,-4.26
907,2015-10-16,53.65,646.355,5.7,12.26,-4.26
908,2015-10-19,53.77,646.355,5.7,11.85,-4.26
909,2015-10-20,53.89,646.355,5.7,11.72,-4.26
910,2015-10-21,53.66,646.355,5.7,12.04,-4.26
911,2015-10-22,53.57,646.355,5.7,12.32,-4.26
912,2015-10-23,53.47,646.355,5.7,12.38,-4.26
913,2015-10-26,53.4,646.355,5.7,11.89,-4.26
914,2015-10-27,53.28,646.355,5.7,11.34,-4.26
915,2015-10-28,53.09,646.355,5.7,11.03,-4.26
916,2015-10-29,52.9,646.355,5.7,10.74,-4.26
917,2015-11-02,47.31,646.355,5.7,10.74,-4.26
918,2015-11-03,46.59,646.355,5.7,11.82,-4.26
919,2015-11-04,47.45,646.355,5.7,11.58,-4.26
920,2015-11-05,46.86,646.355,5.7,11.28,-4.26
921,2015-11-06,47.08,646.355,5.7,10.43,-4.26
922,2015-11-09,47.91,646.355,5.7,10.28,-4.26
923,2015-11-10,47.7,646.355,5.7,10.24,-4.26
924,2015-11-11,47.82,646.355,5.7,10.2,-4.26
925,2015-11-12,47.74,646.355,5.7,10.02,-4.26
926,2015-11-13,47.66,646.355,5.7,10.23,-4.26
927,2015-11-16,47.6,646.355,5.7,10.02,-4.26
928,2015-11-17,47.22,646.355,5.7,9.67,-4.26
929,2015-11-18,47.08,646.355,5.7,9.71,-4.26
930,2015-11-19,46.91,646.355,5.7,9.75,-4.26
931,2015-11-20,46.91,646.355,5.7,9.75,-4.26
932,2015-11-23,46.81,646.355,5.7,9.49,-4.26
933,2015-11-24,46.66,646.355,5.7,9.63,-4.26
934,2015-11-25,46.53,646.355,5.7,9.36,-4.26
935,2015-11-27,46.27,646.355,5.7,8.85,-4.26
936,2015-11-30,46.1,646.355,5.7,8.77,-4.26
937,2015-12-01,39.75,649.216,5.7,8.55,-4.26
938,2015-12-02,39.36,649.216,5.7,8.61,-4.26
939,2015-12-03,39.01,649.216,5.7,8.57,-4.26
940,2015-12-04,39.15,649.216,5.7,8.22,-4.26
941,2015-12-07,39.4,649.216,5.7,8.13,-4.26
942,2015-12-08,39.25,649.216,5.7,7.76,-4.26
943,2015-12-09,39.09,649.216,5.7,8.04,-4.26
944,2015-12-10,38.61,649.216,5.7,8.43,-4.26
945,2015-12-11,38.65,649.216,5.7,8.13,-4.26
946,2015-12-14,38.69,649.216,5.7,8.29,-4.26
947,2015-12-15,38.54,649.216,5.7,8.57,-4.26
948,2015-12-16,38.66,649.216,5.7,8.82,-4.26
949,2015-12-17,38.79,649.216,5.7,8.48,-4.26
950,2015-12-18,38.97,649.216,5.7,8.58,-4.26
951,2015-12-21,38.98,649.216,5.7,8.18,-4.26
952,2015-12-22,38.98,649.216,5.7,8.35,-4.26
953,2015-12-23,39.02,649.216,5.7,8.8,-4.26
954,2015-12-24,39.08,649.216,5.7,8.8,-4.26
955,2015-12-28,39.27,649.216,5.7,8.41,-4.26
956,2015-12-29,39.27,649.216,5.7,8.47,-4.26
957,2015-12-30,39.41,649.216,5.7,8.67,-4.26
958,2015-12-31,39.58,649.216,5.7,8.67,-5.52
959,2016-01-04,41.95,649.216,5.7,8.45,-5.52
960,2016-01-05,41.69,649.216,5.7,8.33,-5.52
961,2016-01-06,41.12,649.216,5.7,7.72,-5.52
962,2016-01-07,41.14,649.216,5.7,7.26,-5.52
963,2016-01-08,41.06,649.216,5.7,7.02,-5.52
964,2016-01-11,40.47,649.216,5.7,6.82,-5.52
965,2016-01-12,40.33,649.216,5.7,6.26,-5.52
966,2016-01-13,40.42,649.216,5.7,5.99,-5.52
967,2016-01-14,40.59,649.216,5.7,6.42,-5.52
968,2016-01-15,40.79,649.216,5.7,6.24,-5.52
969,2016-01-19,41.32,649.216,5.7,6.11,-5.52
970,2016-01-20,41.19,649.216,5.7,6.13,-5.52
971,2016-01-21,41.09,649.216,5.7,6.08,-5.52
972,2016-01-22,41.11,649.216,5.7,6.01,-5.52
973,2016-01-25,41.11,649.216,5.7,6.01,-5.52
974,2016-01-26,41.11,649.216,5.7,5.96,-5.52
975,2016-01-27,41.13,649.216,5.7,6.26,-5.52
976,2016-01-28,41.15,649.216,5.7,6.21,-5.52
977,2016-01-29,41.17,649.216,5.7,6.47,-5.52
978,2016-02-01,42.6,655.263,6.5,6.32,-5.52
979,2016-02-02,43.18,655.263,6.5,5.73,-5.52
980,2016-02-03,43.68,655.263,6.5,6.0,-5.52
981,2016-02-04,44.04,655.263,6.5,6.88,-5.52
982,2016-02-05,44.04,655.263,6.5,6.81,-5.52
983,2016-02-08,44.04,655.263,6.5,6.81,-5.52
984,2016-02-09,43.76,655.263,6.5,6.81,-5.52
985,2016-02-10,43.32,655.263,6.5,6.79,-5.52
986,2016-02-11,43.33,655.263,6.5,6.57,-5.52
987,2016-02-12,43.42,655.263,6.5,6.82,-5.52
988,2016-02-16,44.43,655.263,6.5,7.52,-5.52
989,2016-02-17,44.54,655.263,6.5,7.93,-5.52
990,2016-02-18,44.89,655.263,6.5,7.66,-5.52
991,2016-02-19,45.19,655.263,6.5,7.88,-5.52
992,2016-02-22,45.59,655.263,6.5,8.75,-5.52
993,2016-02-23,45.78,655.263,6.5,8.24,-5.52
994,2016-02-24,45.96,655.263,6.5,7.8,-5.52
995,2016-02-25,46.06,655.263,6.5,7.34,-5.52
996,2016-02-26,46.21,655.263,6.5,7.32,-5.52
997,2016-02-29,46.33,655.263,6.5,7.86,-5.52
998,2016-03-01,49.27,659.446,7.0,8.53,-5.52
999,2016-03-02,50.84,659.446,7.0,9.47,-5.52
1000,2016-03-03,50.39,659.446,7.0,10.4,-5.52
1001,2016-03-04,52.11,659.446,7.0,11.02,-5.52
1002,2016-03-07,58.81,659.446,7.0,11.7,-5.52
1003,2016-03-08,56.3,659.446,7.0,10.01,-5.52
1004,2016-03-09,55.65,659.446,7.0,9.65,-5.52
1005,2016-03-10,55.84,659.446,7.0,9.32,-5.52
1006,2016-03-11,55.32,659.446,7.0,9.23,-5.52
1007,2016-03-14,55.1,659.446,7.0,8.95,-5.52
1008,2016-03-15,54.39,659.446,7.0,8.97,-5.52
1009,2016-03-16,54.92,659.446,7.0,9.87,-5.52
1010,2016-03-17,55.22,659.446,7.0,10.32,-5.52
1011,2016-03-18,55.54,659.446,7.0,10.21,-5.52
1012,2016-03-21,55.74,659.446,7.0,10.09,-5.52
1013,2016-03-22,55.77,659.446,7.0,10.27,-5.52
1014,2016-03-23,55.78,659.446,7.0,9.4,-5.52
1015,2016-03-24,55.82,659.446,7.0,10.02,-5.52
1016,2016-03-28,55.79,659.446,7.0,10.1,-5.52
1017,2016-03-29,55.75,659.446,7.0,10.05,-5.52
1018,2016-03-30,55.64,659.446,7.0,10.35,-5.52
1019,2016-03-31,55.52,659.446,7.0,10.09,-5.14
1020,2016-04-01,53.17,663.057,7.1,10.33,-5.14
1021,2016-04-04,53.92,663.057,7.1,9.85,-5.14
1022,2016-04-05,53.17,663.057,7.1,10.18,-5.14
1023,2016-04-06,52.73,663.057,7.1,10.03,-5.14
1024,2016-04-07,53.27,663.057,7.1,9.99,-5.14
1025,2016-04-08,53.45,663.057,7.1,10.81,-5.14
1026,2016-04-11,54.8,663.057,7.1,11.3,-5.14
1027,2016-04-12,56.07,663.057,7.1,12.48,-5.14
1028,2016-04-13,56.6,663.057,7.1,13.03,-5.14
1029,2016-04-14,56.17,663.057,7.1,12.12,-5.14
1030,2016-04-15,56.09,663.057,7.1,12.38,-5.14
1031,2016-04-18,56.98,663.057,7.1,12.68,-5.14
1032,2016-04-19,57.41,663.057,7.1,13.62,-5.14
1033,2016-04-20,58.03,663.057,7.1,14.49,-5.14
1034,2016-04-21,58.5,663.057,7.1,14.49,-5.14
1035,2016-04-22,58.7,663.057,7.1,12.87,-5.14
1036,2016-04-25,58.95,663.057,7.1,12.02,-5.14
1037,2016-04-26,59.1,663.057,7.1,12.44,-5.14
1038,2016-04-27,59.13,663.057,7.1,12.95,-5.14
1039,2016-04-28,59.3,663.057,7.1,13.17,-5.14
1040,2016-04-29,59.58,663.057,7.1,13.11,-5.14
1041,2016-05-02,64.0,663.057,7.1,13.23,-5.14
1042,2016-05-03,60.63,663.057,7.1,12.42,-5.14
1043,2016-05-04,59.32,663.057,7.1,11.58,-5.14
1044,2016-05-05,58.33,663.057,7.1,11.09,-5.14
1045,2016-05-06,58.3,663.057,7.1,11.24,-5.14
1046,2016-05-09,55.84,663.057,7.1,10.14,-5.14
1047,2016-05-10,56.23,663.057,7.1,10.56,-5.14
1048,2016-05-11,56.51,663.057,7.1,10.61,-5.14
1049,2016-05-12,55.66,663.057,7.1,10.28,-5.14
1050,2016-05-13,55.49,663.057,7.1,9.77,-5.14
1051,2016-05-16,55.59,663.057,7.1,9.94,-5.14
1052,2016-05-17,56.55,663.057,7.1,10.07,-5.14
1053,2016-05-18,56.21,663.057,7.1,9.79,-5.14
1054,2016-05-19,56.11,663.057,7.1,9.91,-5.14
1055,2016-05-20,56.0,663.057,7.1,9.41,-5.14
1056,2016-05-23,55.78,663.057,7.1,9.61,-5.14
1057,2016-05-24,55.65,663.057,7.1,9.33,-5.14
1058,2016-05-25,55.42,663.057,7.1,9.73,-5.14
1059,2016-05-26,55.13,663.057,7.1,9.73,-5.14
1060,2016-05-27,54.94,663.057,7.1,9.51,-5.14
1061,2016-05-31,54.49,663.057,7.1,9.47,-5.14
1062,2016-06-01,47.46,676.42,7.2,9.61,-5.14
1063,2016-06-02,47.69,676.42,7.2,9.95,-5.14
1064,2016-06-03,48.19,676.42,7.2,10.81,-5.14
1065,2016-06-06,50.17,676.42,7.2,11.24,-5.14
1066,2016-06-07,50.37,676.42,7.2,11.03,-5.14
1067,2016-06-08,50.3,676.42,7.2,11.32,-5.14
1068,2016-06-09,50.7,676.42,7.2,10.45,-5.14
1069,2016-06-10,50.86,676.42,7.2,9.95,-5.14
1070,2016-06-13,50.92,676.42,7.2,10.12,-5.14
1071,2016-06-14,50.19,676.42,7.2,9.74,-5.14
1072,2016-06-15,50.27,676.42,7.2,9.99,-5.14
1073,2016-06-16,50.38,676.42,7.2,10.14,-5.14
1074,2016-06-17,50.55,676.42,7.2,10.17,-5.14
1075,2016-06-20,50.54,676.42,7.2,10.37,-5.14
1076,2016-06-21,50.58,676.42,7.2,10.39,-5.14
1077,2016-06-22,50.83,676.42,7.2,10.55,-5.14
1078,2016-06-23,50.87,676.42,7.2,11.04,-5.14
1079,2016-06-24,50.83,676.42,7.2,10.13,-5.14
1080,2016-06-27,51.03,676.42,7.2,9.85,-5.14
1081,2016-06-28,51.12,676.42,7.2,10.29,-5.14
1082,2016-06-29,51.23,676.42,7.2,10.46,-5.14
1083,2016-06-30,51.36,676.42,7.2,10.83,-3.22
1084,2016-07-01,52.73,679.751,7.4,11.06,-3.22
1085,2016-07-05,54.16,679.751,7.4,10.69,-3.22
1086,2016-07-06,52.88,679.751,7.4,10.84,-3.22
1087,2016-07-07,53.72,679.751,7.4,10.66,-3.22
1088,2016-07-08,54.24,679.751,7.4,10.78,-3.22
1089,2016-07-11,54.53,679.751,7.4,11.22,-3.22
1090,2016-07-12,55.56,679.751,7.4,11.78,-3.22
1091,2016-07-13,56.36,679.751,7.4,11.86,-3.22
1092,2016-07-14,56.11,679.751,7.4,11.55,-3.22
1093,2016-07-15,56.34,679.751,7.4,11.54,-3.22
1094,2016-07-18,55.71,679.751,7.4,11.7,-3.22
1095,2016-07-19,55.65,679.751,7.4,11.21,-3.22
1096,2016-07-20,55.78,679.751,7.4,10.99,-3.22
1097,2016-07-21,56.13,679.751,7.4,11.58,-3.22
1098,2016-07-22,56.04,679.751,7.4,11.42,-3.22
1099,2016-07-25,56.15,679.751,7.4,11.6,-3.22
1100,2016-07-26,56.25,679.751,7.4,12.26,-3.22
1101,2016-07-27,56.34,679.751,7.4,12.6,-3.22
1102,2016-07-28,56.5,679.751,7.4,12.68,-3.22
1103,2016-07-29,56.61,679.751,7.4,12.32,-3.22
1104,2016-08-01,59.78,681.756,7.5,11.92,-3.22
1105,2016-08-02,59.88,681.756,7.5,11.98,-3.22
1106,2016-08-03,59.48,681.756,7.5,12.53,-3.22
1107,2016-08-04,59.05,681.756,7.5,12.49,-3.22
1108,2016-08-05,60.19,681.756,7.5,12.63,-3.22
1109,2016-08-08,60.99,681.756,7.5,12.64,-3.22
1110,2016-08-09,60.32,681.756,7.5,12.64,-3.22
1111,2016-08-10,60.25,681.756,7.5,12.04,-3.22
1112,2016-08-11,59.73,681.756,7.5,12.26,-3.22
1113,2016-08-12,59.83,681.756,7.5,11.96,-3.22
1114,2016-08-15,59.66,681.756,7.5,12.27,-3.22
1115,2016-08-16,60.45,681.756,7.5,12.64,-3.22
1116,2016-08-17,60.15,681.756,7.5,12.73,-3.22
1117,2016-08-18,60.38,681.756,7.5,12.6,-3.22
1118,2016-08-19,60.59,681.756,7.5,12.7,-3.22
1119,2016-08-22,60.67,681.756,7.5,12.24,-3.22
1120,2016-08-23,60.78,681.756,7.5,12.48,-3.22
1121,2016-08-24,60.78,681.756,7.5,12.08,-3.22
1122,2016-08-25,60.77,681.756,7.5,12.1,-3.22
1123,2016-08-26,60.69,681.756,7.5,11.79,-3.22
1124,2016-08-29,60.58,681.756,7.5,12.05,-3.22
1125,2016-08-30,60.5,681.756,7.5,11.75,-3.22
1126,2016-08-31,60.43,681.756,7.5,11.28,-3.22
1127,2016-09-01,57.95,684.025,7.5,11.61,-3.22
1128,2016-09-02,58.05,684.025,7.5,12.14,-3.22
1129,2016-09-06,58.35,684.025,7.5,12.16,-3.22
1130,2016-09-07,57.47,684.025,7.5,12.16,-3.22
1131,2016-09-08,57.67,684.025,7.5,11.84,-3.22
1132,2016-09-09,57.87,684.025,7.5,11.22,-3.22
1133,2016-09-12,57.49,684.025,7.5,11.64,-3.22
1134,2016-09-13,57.43,684.025,7.5,10.83,-3.22
1135,2016-09-14,57.25,684.025,7.5,11.08,-3.22
1136,2016-09-15,57.15,684.025,7.5,11.08,-3.22
1137,2016-09-16,57.03,684.025,7.5,10.92,-3.22
1138,2016-09-19,56.92,684.025,7.5,11.09,-3.22
1139,2016-09-20,57.0,684.025,7.5,11.12,-3.22
1140,2016-09-21,56.88,684.025,7.5,11.75,-3.22
1141,2016-09-22,56.9,684.025,7.5,11.68,-3.22
1142,2016-09-23,56.86,684.025,7.5,11.75,-3.22
1143,2016-09-26,56.85,684.025,7.5,11.61,-3.22
1144,2016-09-27,56.78,684.025,7.5,11.72,-3.22
1145,2016-09-28,56.74,684.025,7.5,12.11,-3.22
1146,2016-09-29,56.71,684.025,7.5,11.98,-3.22
1147,2016-09-30,56.63,684.025,7.5,11.86,-2.45
1148,2016-10-03,55.11,684.025,7.5,12.05,-2.45
1149,2016-10-04,55.15,684.025,7.5,11.75,-2.45
1150,2016-10-05,55.27,684.025,7.5,11.89,-2.45
1151,2016-10-06,55.18,684.025,7.5,11.85,-2.45
1152,2016-10-07,54.97,684.025,7.5,11.98,-2.45
1153,2016-10-10,55.67,684.025,7.5,12.68,-2.45
1154,2016-10-11,55.78,684.025,7.5,12.38,-2.45
1155,2016-10-12,55.84,684.025,7.5,12.38,-2.45
1156,2016-10-13,55.79,684.025,7.5,11.82,-2.45
1157,2016-10-14,56.14,684.025,7.5,12.0,-2.45
1158,2016-10-17,56.33,684.025,7.5,12.14,-2.45
1159,2016-10-18,56.38,684.025,7.5,12.5,-2.45
1160,2016-10-19,56.46,684.025,7.5,12.4,-2.45
1161,2016-10-20,56.58,684.025,7.5,12.72,-2.45
1162,2016-10-21,56.6,684.025,7.5,13.25,-2.45
1163,2016-10-24,56.74,684.025,7.5,13.51,-2.45
1164,2016-10-25,56.96,684.025,7.5,14.21,-2.45
1165,2016-10-26,57.24,684.025,7.5,14.49,-2.45
1166,2016-10-27,57.47,684.025,7.5,14.65,-2.45
1167,2016-10-28,57.72,684.025,7.5,14.74,-2.45
1168,2016-10-31,62.77,684.025,7.5,14.7,-2.45
1169,2016-11-01,63.56,686.607,7.5,14.85,-2.45
1170,2016-11-02,62.59,686.607,7.5,14.85,-2.45
1171,2016-11-03,63.79,686.607,7.5,14.62,-2.45
1172,2016-11-04,63.67,686.607,7.5,14.39,-2.45
1173,2016-11-07,65.91,686.607,7.5,15.4,-2.45
1174,2016-11-08,65.99,686.607,7.5,15.96,-2.45
1175,2016-11-09,68.34,686.607,7.5,16.64,-2.45
1176,2016-11-10,69.74,686.607,7.5,17.89,-2.45
1177,2016-11-11,73.35,686.607,7.5,17.3,-2.45
1178,2016-11-14,72.23,686.607,7.5,17.61,-2.45
1179,2016-11-15,70.04,686.607,7.5,17.61,-2.45
1180,2016-11-16,70.41,686.607,7.5,16.74,-2.45
1181,2016-11-17,70.33,686.607,7.5,16.47,-2.45
1182,2016-11-18,70.2,686.607,7.5,16.36,-2.45
1183,2016-11-21,70.0,686.607,7.5,17.2,-2.45
1184,2016-11-22,70.88,686.607,7.5,18.49,-2.45
1185,2016-11-23,71.22,686.607,7.5,18.75,-2.45
1186,2016-11-25,71.81,686.607,7.5,19.24,-2.45
1187,2016-11-28,72.15,686.607,7.5,20.64,-2.45
1188,2016-11-29,72.26,686.607,7.5,19.43,-2.45
1189,2016-11-30,72.25,686.607,7.5,18.68,-2.45
1190,2016-12-01,75.54,688.985,7.6,18.95,-2.45
1191,2016-12-02,74.57,688.985,7.6,19.75,-2.45
1192,2016-12-05,76.2,688.985,7.6,19.82,-2.45
1193,2016-12-06,76.72,688.985,7.6,20.09,-2.45
1194,2016-12-07,79.2,688.985,7.6,20.78,-2.45
1195,2016-12-08,79.44,688.985,7.6,20.18,-2.45
1196,2016-12-09,78.89,688.985,7.6,19.83,-2.45
1197,2016-12-12,80.25,688.985,7.6,19.75,-2.45
1198,2016-12-13,80.47,688.985,7.6,18.97,-2.45
1199,2016-12-14,79.58,688.985,7.6,18.67,-2.45
1200,2016-12-15,79.94,688.985,7.6,18.9,-2.45
1201,2016-12-16,79.89,688.985,7.6,18.58,-2.45
1202,2016-12-19,79.62,688.985,7.6,17.44,-2.45
1203,2016-12-20,79.97,688.985,7.6,17.8,-2.45
1204,2016-12-21,80.0,688.985,7.6,17.73,-2.45
1205,2016-12-22,79.8,688.985,7.6,17.0,-2.45
1206,2016-12-23,79.75,688.985,7.6,16.87,-2.45
1207,2016-12-27,79.72,688.985,7.6,17.32,-2.45
1208,2016-12-28,79.75,688.985,7.6,17.87,-2.45
1209,2016-12-29,79.76,688.985,7.6,17.2,-2.45
1210,2016-12-30,79.75,688.985,7.6,17.2,-2.45
1211,2017-01-03,74.37,688.985,7.6,17.52,-2.45
1212,2017-01-04,74.66,688.985,7.6,17.21,-2.45
1213,2017-01-05,76.46,688.985,7.6,17.87,-2.45
1214,2017-01-06,75.73,688.985,7.6,17.39,-2.45
1215,2017-01-09,77.09,688.985,7.6,17.75,-2.45
1216,2017-01-10,78.27,688.985,7.6,19.11,-2.45
1217,2017-01-11,78.65,688.985,7.6,19.51,-2.45
1218,2017-01-12,78.83,688.985,7.6,20.14,-2.45
1219,2017-01-13,78.69,688.985,7.6,20.75,-2.45
1220,2017-01-17,79.83,688.985,7.6,20.47,-2.45
1221,2017-01-18,79.66,688.985,7.6,21.5,-2.45
1222,2017-01-19,79.64,688.985,7.6,21.07,-2.45
1223,2017-01-20,79.51,688.985,7.6,21.49,-2.45
1224,2017-01-23,79.69,688.985,7.6,22.31,-2.45
1225,2017-01-24,80.05,688.985,7.6,22.85,-2.45
1226,2017-01-25,80.13,688.985,7.6,22.85,-2.45
1227,2017-01-26,80.22,688.985,7.6,22.5,-2.45
1228,2017-01-27,80.3,688.985,7.6,22.57,-2.45
1229,2017-01-30,80.3,688.985,7.6,21.6,-2.45
1230,2017-01-31,80.4,688.985,7.6,21.55,-2.45
1231,2017-02-01,83.12,696.314,8.3,22.02,-2.45
1232,2017-02-02,83.82,696.314,8.3,21.87,-2.45
1233,2017-02-03,80.15,696.314,8.3,20.5,-2.45
1234,2017-02-06,79.15,696.314,8.3,20.04,-2.45
1235,2017-02-07,81.02,696.314,8.3,20.25,-2.45
1236,2017-02-08,81.88,696.314,8.3,20.48,-2.45
1237,2017-02-09,81.92,696.314,8.3,20.81,-2.45
1238,2017-02-10,84.11,696.314,8.3,21.96,-2.45
1239,2017-02-13,85.93,696.314,8.3,23.98,-2.45
1240,2017-02-14,85.91,696.314,8.3,23.04,-2.45
1241,2017-02-15,85.86,696.314,8.3,22.65,-2.45
1242,2017-02-16,85.72,696.314,8.3,22.61,-2.45
1243,2017-02-17,86.4,696.314,8.3,22.81,-2.45
1244,2017-02-21,87.28,696.314,8.3,23.8,-2.45
1245,2017-02-22,87.48,696.314,8.3,23.23,-2.45
1246,2017-02-23,87.41,696.314,8.3,22.21,-2.45
1247,2017-02-24,87.57,696.314,8.3,21.91,-2.45
1248,2017-02-27,87.89,696.314,8.3,21.91,-2.45
1249,2017-02-28,88.07,696.314,8.3,21.91,-2.45
1250,2017-03-01,87.62,697.41,8.7,22.21,-2.45
1251,2017-03-02,88.56,697.41,8.7,21.07,-2.45
1252,2017-03-03,87.57,697.41,8.7,21.31,-2.45
1253,2017-03-06,86.73,697.41,8.7,20.83,-2.45
1254,2017-03-07,86.89,697.41,8.7,20.7,-2.45
1255,2017-03-08,86.55,697.41,8.7,20.17,-2.45
1256,2017-03-09,86.35,697.41,8.7,20.21,-2.45
1257,2017-03-10,86.44,697.41,8.7,19.85,-2.45
1258,2017-03-13,87.51,697.41,8.7,20.77,-2.45
1259,2017-03-14,88.04,697.41,8.7,20.87,-2.45
1260,2017-03-15,89.03,697.41,8.7,22.31,-2.45
1261,2017-03-16,89.5,697.41,8.7,21.78,-2.45
1262,2017-03-17,89.47,697.41,8.7,20.96,-2.45
1263,2017-03-20,89.42,697.41,8.7,21.18,-2.45
1264,2017-03-21,88.99,697.41,8.7,19.45,-2.45
1265,2017-03-22,88.59,697.41,8.7,19.69,-2.45
1266,2017-03-23,88.51,697.41,8.7,19.58,-2.45
1267,2017-03-24,88.35,697.41,8.7,19.42,-2.45
1268,2017-03-27,87.91,697.41,8.7,19.68,-2.45
1269,2017-03-28,87.63,697.41,8.7,19.96,-2.45
1270,2017-03-29,87.44,697.41,8.7,20.16,-2.45
1271,2017-03-30,87.19,697.41,8.7,20.16,-2.45
1272,2017-03-31,86.84,697.41,8.7,19.95,0.28
1273,2017-04-03,78.45,697.41,8.7,19.76,0.28
1274,2017-04-04,79.36,697.41,8.7,20.52,0.28
1275,2017-04-05,79.44,697.41,8.7,19.72,0.28
1276,2017-04-06,78.92,697.41,8.7,19.36,0.28
1277,2017-04-07,76.91,697.41,8.7,19.52,0.28
1278,2017-04-10,75.28,697.41,8.7,19.44,0.28
1279,2017-04-11,74.89,697.41,8.7,19.19,0.28
1280,2017-04-12,73.43,697.41,8.7,18.36,0.28
1281,2017-04-13,73.02,697.41,8.7,18.36,0.28
1282,2017-04-17,72.08,697.41,8.7,18.37,0.28
1283,2017-04-18,70.74,697.41,8.7,17.82,0.28
1284,2017-04-19,70.95,697.41,8.7,17.86,0.28
1285,2017-04-20,70.89,697.41,8.7,18.78,0.28
1286,2017-04-21,70.93,697.41,8.7,18.78,0.28
1287,2017-04-24,70.67,697.41,8.7,18.99,0.28
1288,2017-04-25,70.44,697.41,8.7,19.62,0.28
1289,2017-04-26,70.26,697.41,8.7,19.19,0.28
1290,2017-04-27,70.1,697.41,8.7,18.57,0.28
1291,2017-04-28,69.97,697.41,8.7,19.01,0.28
1292,2017-05-01,68.0,701.664,8.5,19.01,0.28
1293,2017-05-02,68.72,701.664,8.5,19.42,0.28
1294,2017-05-03,67.33,701.664,8.5,18.21,0.28
1295,2017-05-04,63.88,701.664,8.5,17.54,0.28
1296,2017-05-05,62.49,701.664,8.5,18.03,0.28
1297,2017-05-08,60.72,701.664,8.5,18.01,0.28
1298,2017-05-09,61.37,701.664,8.5,18.34,0.28
1299,2017-05-10,62.63,701.664,8.5,18.38,0.28
1300,2017-05-11,62.01,701.664,8.5,18.21,0.28
1301,2017-05-12,61.45,701.664,8.5,17.93,0.28
1302,2017-05-15,61.2,701.664,8.5,18.44,0.28
1303,2017-05-16,61.48,701.664,8.5,18.86,0.28
1304,2017-05-17,62.04,701.664,8.5,18.57,0.28
1305,2017-05-18,61.51,701.664,8.5,18.59,0.28
1306,2017-05-19,61.91,701.664,8.5,18.86,0.28
1307,2017-05-22,61.94,701.664,8.5,19.32,0.28
1308,2017-05-23,61.9,701.664,8.5,19.55,0.28
1309,2017-05-24,61.5,701.664,8.5,19.04,0.28
1310,2017-05-25,61.4,701.664,8.5,19.17,0.28
1311,2017-05-26,61.25,701.664,8.5,19.28,0.28
1312,2017-05-30,60.93,701.664,8.5,19.79,0.28
1313,2017-05-31,60.71,701.664,8.5,18.8,0.28
1314,2017-06-01,55.39,708.197,8.3,18.45,0.28
1315,2017-06-02,56.27,708.197,8.3,18.53,0.28
1316,2017-06-05,55.49,708.197,8.3,18.33,0.28
1317,2017-06-06,55.67,708.197,8.3,18.39,0.28
1318,2017-06-07,55.13,708.197,8.3,18.3,0.28
1319,2017-06-08,54.9,708.197,8.3,18.7,0.28
1320,2017-06-09,54.52,708.197,8.3,18.89,0.28
1321,2017-06-12,54.77,708.197,8.3,18.57,0.28
1322,2017-06-13,54.01,708.197,8.3,18.25,0.28
1323,2017-06-14,54.5,708.197,8.3,18.06,0.28
1324,2017-06-15,54.51,708.197,8.3,18.06,0.28
1325,2017-06-16,54.7,708.197,8.3,17.69,0.28
1326,2017-06-19,54.8,708.197,8.3,18.26,0.28
1327,2017-06-20,54.71,708.197,8.3,17.79,0.28
1328,2017-06-21,54.65,708.197,8.3,18.32,0.28
1329,2017-06-22,54.66,708.197,8.3,18.7,0.28
1330,2017-06-23,54.73,708.197,8.3,18.85,0.28
1331,2017-06-26,54.75,708.197,8.3,19.01,0.28
1332,2017-06-27,55.25,708.197,8.3,19.32,0.28
1333,2017-06-28,55.7,708.197,8.3,19.92,0.28
1334,2017-06-29,55.79,708.197,8.3,20.0,0.28
1335,2017-06-30,56.01,708.197,8.3,20.07,0.79
1336,2017-07-03,65.0,708.197,8.3,20.52,0.79
1337,2017-07-05,63.03,708.197,8.3,20.02,0.79
1338,2017-07-06,62.11,708.197,8.3,20.01,0.79
1339,2017-07-07,62.85,708.197,8.3,19.99,0.79
1340,2017-07-10,63.11,708.197,8.3,20.56,0.79
1341,2017-07-11,64.48,708.197,8.3,20.79,0.79
1342,2017-07-12,64.09,708.197,8.3,20.69,0.79
1343,2017-07-13,64.16,708.197,8.3,20.19,0.79
1344,2017-07-14,64.92,708.197,8.3,20.43,0.79
1345,2017-07-17,65.99,708.197,8.3,20.57,0.79
1346,2017-07-18,65.74,708.197,8.3,20.69,0.79
1347,2017-07-19,65.99,708.197,8.3,20.69,0.79
1348,2017-07-20,65.49,708.197,8.3,19.87,0.79
1349,2017-07-21,65.19,708.197,8.3,19.72,0.79
1350,2017-07-24,65.39,708.197,8.3,20.16,0.79
1351,2017-07-25,65.59,708.197,8.3,21.18,0.79
1352,2017-07-26,65.54,708.197,8.3,20.52,0.79
1353,2017-07-27,65.74,708.197,8.3,20.55,0.79
1354,2017-07-28,65.87,708.197,8.3,20.99,0.79
1355,2017-07-31,66.22,708.197,8.3,21.66,0.79
1356,2017-08-01,71.57,712.884,8.0,21.49,0.79
1357,2017-08-02,72.06,712.884,8.0,21.53,0.79
1358,2017-08-03,72.37,712.884,8.0,21.23,0.79
1359,2017-08-04,73.48,712.884,8.0,21.61,0.79
1360,2017-08-07,74.65,712.884,8.0,22.43,0.79
1361,2017-08-08,75.37,712.884,8.0,22.18,0.79
1362,2017-08-09,74.8,712.884,8.0,22.09,0.79
1363,2017-08-10,74.88,712.884,8.0,21.8,0.79
1364,2017-08-11,73.76,712.884,8.0,21.31,0.79
1365,2017-08-14,73.45,712.884,8.0,21.66,0.79
1366,2017-08-15,73.35,712.884,8.0,21.53,0.79
1367,2017-08-16,73.36,712.884,8.0,21.96,0.79
1368,2017-08-17,74.14,712.884,8.0,21.59,0.79
1369,2017-08-18,74.4,712.884,8.0,21.83,0.79
1370,2017-08-21,74.39,712.884,8.0,21.97,0.79
1371,2017-08-22,74.89,712.884,8.0,22.05,0.79
1372,2017-08-23,74.82,712.884,8.0,22.52,0.79
1373,2017-08-24,74.99,712.884,8.0,23.44,0.79
1374,2017-08-25,74.97,712.884,8.0,23.41,0.79
1375,2017-08-28,75.03,712.884,8.0,23.78,0.79
1376,2017-08-29,75.05,712.884,8.0,23.83,0.79
1377,2017-08-30,75.08,712.884,8.0,23.76,0.79
1378,2017-08-31,75.11,712.884,8.0,24.27,0.79
1379,2017-09-01,77.77,713.33,7.9,24.68,0.79
1380,2017-09-05,77.68,713.33,7.9,24.63,0.79
1381,2017-09-06,76.27,713.33,7.9,24.77,0.79
1382,2017-09-07,75.36,713.33,7.9,24.77,0.79
1383,2017-09-08,74.71,713.33,7.9,23.86,0.79
1384,2017-09-11,74.78,713.33,7.9,24.28,0.79
1385,2017-09-12,75.22,713.33,7.9,24.4,0.79
1386,2017-09-13,74.94,713.33,7.9,24.06,0.79
1387,2017-09-14,73.7,713.33,7.9,23.26,0.79
1388,2017-09-15,73.5,713.33,7.9,23.39,0.79
1389,2017-09-18,73.84,713.33,7.9,23.7,0.79
1390,2017-09-19,71.8,713.33,7.9,23.47,0.79
1391,2017-09-20,71.96,713.33,7.9,22.95,0.79
1392,2017-09-21,72.06,713.33,7.9,22.5,0.79
1393,2017-09-22,71.55,713.33,7.9,22.08,0.79
1394,2017-09-25,70.5,713.33,7.9,21.51,0.79
1395,2017-09-26,70.94,713.33,7.9,21.8,0.79
1396,2017-09-27,70.56,713.33,7.9,22.09,0.79
1397,2017-09-28,70.0,713.33,7.9,21.97,0.79
1398,2017-09-29,69.77,713.33,7.9,22.05,0.79
1399,2017-10-02,62.43,713.33,7.9,22.07,0.79
1400,2017-10-03,62.86,713.33,7.9,22.61,0.79
1401,2017-10-04,62.95,713.33,7.9,22.56,0.79
1402,2017-10-05,62.84,713.33,7.9,22.33,0.79
1403,2017-10-06,63.27,713.33,7.9,22.24,0.79
1404,2017-10-09,61.26,713.33,7.9,21.8,0.79
1405,2017-10-10,60.18,713.33,7.9,21.67,0.79
1406,2017-10-11,59.26,713.33,7.9,21.52,0.79
1407,2017-10-12,59.83,713.33,7.9,21.52,0.79
1408,2017-10-13,60.63,713.33,7.9,22.77,0.79
1409,2017-10-16,61.16,713.33,7.9,23.08,0.79
1410,2017-10-17,60.89,713.33,7.9,22.54,0.79
1411,2017-10-18,61.1,713.33,7.9,22.33,0.79
1412,2017-10-19,60.39,713.33,7.9,22.83,0.79
1413,2017-10-20,60.69,713.33,7.9,22.8,0.79
1414,2017-10-23,60.7,713.33,7.9,22.63,0.79
1415,2017-10-24,60.73,713.33,7.9,23.41,0.79
1416,2017-10-25,60.72,713.33,7.9,23.22,0.79
1417,2017-10-26,60.67,713.33,7.9,22.61,0.79
1418,2017-10-27,60.53,713.33,7.9,22.52,0.79
1419,2017-10-30,60.4,713.33,7.9,22.39,0.79
1420,2017-10-31,60.31,713.33,7.9,22.21,0.79
1421,2017-11-01,58.62,717.751,7.7,22.71,0.79
1422,2017-11-02,59.45,717.751,7.7,22.71,0.79
1423,2017-11-03,59.56,717.751,7.7,23.21,0.79
1424,2017-11-06,62.74,717.751,7.7,23.76,0.79
1425,2017-11-07,61.59,717.751,7.7,23.19,0.79
1426,2017-11-08,62.59,717.751,7.7,23.49,0.79
1427,2017-11-09,61.41,717.751,7.7,22.7,0.79
1428,2017-11-10,61.79,717.751,7.7,22.68,0.79
1429,2017-11-13,61.99,717.751,7.7,22.93,0.79
1430,2017-11-14,61.79,717.751,7.7,22.25,0.79
1431,2017-11-15,61.22,717.751,7.7,22.25,0.79
1432,2017-11-16,61.6,717.751,7.7,22.56,0.79
1433,2017-11-17,61.49,717.751,7.7,22.78,0.79
1434,2017-11-20,61.77,717.751,7.7,22.78,0.79
1435,2017-11-21,62.05,717.751,7.7,23.56,0.79
1436,2017-11-22,62.99,717.751,7.7,24.04,0.79
1437,2017-11-24,62.55,717.751,7.7,24.77,0.79
1438,2017-11-27,63.09,717.751,7.7,24.5,0.79
1439,2017-11-28,63.14,717.751,7.7,25.08,0.79
1440,2017-11-29,63.15,717.751,7.7,24.7,0.79
1441,2017-11-30,63.36,717.751,7.7,24.32,0.79
1442,2017-12-01,70.43,718.276,7.5,24.55,0.79
1443,2017-12-04,71.02,718.276,7.5,25.49,0.79
1444,2017-12-05,69.88,718.276,7.5,24.92,0.79
1445,2017-12-06,67.46,718.276,7.5,24.74,0.79
1446,2017-12-07,67.41,718.276,7.5,24.45,0.79
1447,2017-12-08,68.47,718.276,7.5,24.55,0.79
1448,2017-12-11,68.61,718.276,7.5,24.74,0.79
1449,2017-12-12,68.97,718.276,7.5,25.04,0.79
1450,2017-12-13,69.34,718.276,7.5,24.99,0.79
1451,2017-12-14,68.99,718.276,7.5,25.08,0.79
1452,2017-12-15,69.09,718.276,7.5,25.53,0.79
1453,2017-12-18,70.47,718.276,7.5,26.18,0.79
1454,2017-12-19,70.4,718.276,7.5,26.19,0.79
1455,2017-12-20,70.45,718.276,7.5,27.09,0.79
1456,2017-12-21,70.71,718.276,7.5,27.49,0.79
1457,2017-12-22,70.87,718.276,7.5,27.83,0.79
1458,2017-12-26,71.01,718.276,7.5,27.87,0.79
1459,2017-12-27,71.12,718.276,7.5,27.88,0.79
1460,2017-12-28,71.28,718.276,7.5,28.16,0.79
1461,2017-12-29,71.28,718.276,7.5,28.16,0.79
1462,2018-01-02,73.9,718.276,7.5,29.18,0.79
1463,2018-01-03,73.43,718.276,7.5,29.0,0.79
1464,2018-01-04,74.61,718.276,7.5,29.12,0.79
1465,2018-01-05,75.39,718.276,7.5,29.58,0.79
1466,2018-01-08,76.99,718.276,7.5,30.24,0.79
1467,2018-01-09,77.62,718.276,7.5,30.12,0.79
1468,2018-01-10,77.4,718.276,7.5,29.7,0.79
1469,2018-01-11,77.72,718.276,7.5,30.28,0.79
1470,2018-01-12,77.37,718.276,7.5,30.46,0.79
1471,2018-01-16,76.51,718.276,7.5,29.58,0.79
1472,2018-01-17,76.27,718.276,7.5,30.18,0.79
1473,2018-01-18,76.18,718.276,7.5,29.98,0.79
1474,2018-01-19,76.68,718.276,7.5,29.99,0.79
1475,2018-01-22,76.6,718.276,7.5,29.83,0.79
1476,2018-01-23,75.96,718.276,7.5,28.58,0.79
1477,2018-01-24,76.21,718.276,7.5,29.22,0.79
1478,2018-01-25,76.21,718.276,7.5,29.22,0.79
1479,2018-01-26,76.21,718.276,7.5,28.98,0.79
1480,2018-01-29,76.1,718.276,7.5,29.3,0.79
1481,2018-01-30,75.99,718.276,7.5,29.0,0.79
1482,2018-01-31,75.86,718.276,7.5,28.99,0.79
1483,2018-02-01,71.99,721.414,8.0,29.23,0.79
1484,2018-02-02,72.94,721.414,8.0,28.54,0.79
1485,2018-02-05,74.34,721.414,8.0,28.22,0.79
1486,2018-02-06,74.43,721.414,8.0,29.7,0.79
1487,2018-02-07,75.2,721.414,8.0,29.17,0.79
1488,2018-02-08,75.69,721.414,8.0,29.09,0.79
1489,2018-02-09,74.89,721.414,8.0,29.38,0.79
1490,2018-02-12,75.65,721.414,8.0,29.38,0.79
1491,2018-02-13,76.49,721.414,8.0,29.38,0.79
1492,2018-02-14,76.67,721.414,8.0,31.13,0.79
1493,2018-02-15,76.76,721.414,8.0,32.14,0.79
1494,2018-02-16,76.89,721.414,8.0,32.19,0.79
1495,2018-02-20,76.97,721.414,8.0,31.83,0.79
1496,2018-02-21,77.18,721.414,8.0,31.33,0.79
1497,2018-02-22,77.06,721.414,8.0,31.94,0.79
1498,2018-02-23,77.11,721.414,8.0,32.23,0.79
1499,2018-02-26,77.44,721.414,8.0,33.15,0.79
1500,2018-02-27,77.37,721.414,8.0,33.1,0.79
1501,2018-02-28,77.46,721.414,8.0,31.51,0.79
1502,2018-03-01,78.42,723.163,8.4,31.09,0.79
1503,2018-03-02,76.36,723.163,8.4,30.6,0.79
1504,2018-03-05,75.36,723.163,8.4,30.56,0.79
1505,2018-03-06,75.54,723.163,8.4,30.42,0.79
1506,2018-03-07,74.51,723.163,8.4,30.31,0.79
1507,2018-03-08,73.01,723.163,8.4,29.33,0.79
1508,2018-03-09,72.01,723.163,8.4,29.78,0.79
1509,2018-03-12,71.41,723.163,8.4,30.03,0.79
1510,2018-03-13,72.33,723.163,8.4,29.8,0.79
1511,2018-03-14,72.76,723.163,8.4,30.13,0.79
1512,2018-03-15,73.01,723.163,8.4,29.99,0.79
1513,2018-03-16,72.66,723.163,8.4,29.92,0.79
1514,2018-03-19,71.84,723.163,8.4,29.07,0.79
1515,2018-03-20,71.63,723.163,8.4,29.43,0.79
1516,2018-03-21,71.55,723.163,8.4,30.06,0.79
1517,2018-03-22,70.96,723.163,8.4,29.66,0.79
1518,2018-03-23,70.26,723.163,8.4,29.43,0.79
1519,2018-03-26,70.51,723.163,8.4,29.71,0.79
1520,2018-03-27,70.35,723.163,8.4,28.9,0.79
1521,2018-03-28,69.86,723.163,8.4,29.38,0.79
1522,2018-03-29,69.7,723.163,8.4,29.86,0.79
1523,2018-04-02,66.22,723.163,8.4,30.42,0.79
1524,2018-04-03,64.35,723.163,8.4,30.32,0.79
1525,2018-04-04,62.94,723.163,8.4,30.1,0.79
1526,2018-04-05,62.67,723.163,8.4,30.59,0.79
1527,2018-04-06,63.34,723.163,8.4,30.23,0.79
1528,2018-04-09,63.92,723.163,8.4,30.38,0.79
1529,2018-04-10,65.29,723.163,8.4,31.72,0.79
1530,2018-04-11,64.28,723.163,8.4,31.58,0.79
1531,2018-04-12,64.19,723.163,8.4,31.7,0.79
1532,2018-04-13,64.62,723.163,8.4,31.82,0.79
1533,2018-04-16,64.11,723.163,8.4,31.51,0.79
1534,2018-04-17,64.27,723.163,8.4,32.49,0.79
1535,2018-04-18,64.69,723.163,8.4,33.59,0.79
1536,2018-04-19,65.49,723.163,8.4,33.83,0.79
1537,2018-04-20,65.05,723.163,8.4,33.69,0.79
1538,2018-04-23,65.19,723.163,8.4,33.6,0.79
1539,2018-04-24,65.25,723.163,8.4,34.17,0.79
1540,2018-04-25,65.22,723.163,8.4,33.92,0.79
1541,2018-04-26,65.29,723.163,8.4,34.45,0.79
1542,2018-04-27,65.27,723.163,8.4,34.2,0.79
1543,2018-04-30,65.27,723.163,8.4,34.43,0.79
1544,2018-05-01,65.49,726.923,8.1,34.43,0.79
1545,2018-05-02,67.44,726.923,8.1,34.46,0.79
1546,2018-05-03,66.72,726.923,8.1,34.72,0.79
1547,2018-05-04,66.98,726.923,8.1,35.16,0.79
1548,2018-05-07,66.69,726.923,8.1,34.83,0.79
1549,2018-05-08,66.99,726.923,8.1,34.79,0.79
1550,2018-05-09,66.2,726.923,8.1,35.54,0.79
1551,2018-05-10,66.49,726.923,8.1,36.36,0.79
1552,2018-05-11,67.49,726.923,8.1,37.23,0.79
1553,2018-05-14,67.59,726.923,8.1,38.39,0.79
1554,2018-05-15,67.58,726.923,8.1,38.66,0.79
1555,2018-05-16,67.3,726.923,8.1,39.54,0.79
1556,2018-05-17,67.26,726.923,8.1,39.17,0.79
1557,2018-05-18,67.03,726.923,8.1,38.74,0.79
1558,2018-05-21,66.85,726.923,8.1,37.49,0.79
1559,2018-05-22,66.51,726.923,8.1,37.02,0.79
1560,2018-05-23,66.35,726.923,8.1,36.74,0.79
1561,2018-05-24,66.36,726.923,8.1,37.11,0.79
1562,2018-05-25,66.26,726.923,8.1,36.41,0.79
1563,2018-05-29,66.27,726.923,8.1,35.48,0.79
1564,2018-05-30,66.02,726.923,8.1,35.81,0.79
1565,2018-05-31,65.95,726.923,8.1,35.81,0.79
1566,2018-06-01,64.53,733.984,7.9,37.32,0.79
1567,2018-06-04,64.56,733.984,7.9,37.15,0.79
1568,2018-06-05,64.78,733.984,7.9,38.01,0.79
1569,2018-06-06,65.17,733.984,7.9,39.66,0.79
1570,2018-06-07,65.17,733.984,7.9,38.46,0.79
1571,2018-06-08,64.74,733.984,7.9,36.0,0.79
1572,2018-06-11,65.18,733.984,7.9,35.97,0.79
1573,2018-06-12,65.4,733.984,7.9,36.57,0.79
1574,2018-06-13,65.34,733.984,7.9,36.46,0.79
1575,2018-06-14,65.56,733.984,7.9,36.58,0.79
1576,2018-06-15,65.39,733.984,7.9,34.75,0.79
1577,2018-06-18,65.3,733.984,7.9,34.81,0.79
1578,2018-06-19,65.01,733.984,7.9,34.17,0.79
1579,2018-06-20,65.01,733.984,7.9,34.53,0.79
1580,2018-06-21,64.93,733.984,7.9,33.39,0.79
1581,2018-06-22,64.89,733.984,7.9,33.96,0.79
1582,2018-06-25,64.88,733.984,7.9,33.36,0.79
1583,2018-06-26,64.91,733.984,7.9,34.19,0.79
1584,2018-06-27,64.85,733.984,7.9,34.06,0.79
1585,2018-06-28,64.81,733.984,7.9,34.71,0.79
1586,2018-06-29,64.8,733.984,7.9,35.08,0.79
1587,2018-07-02,64.13,733.984,7.9,34.49,0.79
1588,2018-07-03,64.09,733.984,7.9,33.92,0.79
1589,2018-07-05,63.06,733.984,7.9,35.16,0.79
1590,2018-07-06,62.99,733.984,7.9,35.61,0.79
1591,2018-07-09,63.13,733.984,7.9,35.61,0.79
1592,2018-07-10,63.19,733.984,7.9,35.04,0.79
1593,2018-07-11,63.18,733.984,7.9,34.56,0.79
1594,2018-07-12,63.21,733.984,7.9,35.69,0.79
1595,2018-07-13,63.24,733.984,7.9,35.59,0.79
1596,2018-07-16,63.33,733.984,7.9,35.37,0.79
1597,2018-07-17,63.1,733.984,7.9,35.86,0.79
1598,2018-07-18,63.3,733.984,7.9,36.39,0.79
1599,2018-07-19,63.58,733.984,7.9,34.96,0.79
1600,2018-07-20,63.61,733.984,7.9,34.46,0.79
1601,2018-07-23,63.73,733.984,7.9,35.08,0.79
1602,2018-07-24,63.83,733.984,7.9,36.29,0.79
1603,2018-07-25,63.87,733.984,7.9,36.61,0.79
1604,2018-07-26,63.93,733.984,7.9,37.33,0.79
1605,2018-07-27,64.08,733.984,7.9,37.81,0.79
1606,2018-07-30,64.2,733.984,7.9,38.43,0.79
1607,2018-07-31,64.35,733.984,7.9,38.79,0.79
1608,2018-08-01,66.66,739.583,7.7,37.53,0.79
1609,2018-08-02,66.86,739.583,7.7,37.38,0.79
1610,2018-08-03,68.24,739.583,7.7,38.24,0.79
1611,2018-08-06,69.08,739.583,7.7,38.13,0.79
1612,2018-08-07,69.35,739.583,7.7,38.39,0.79
1613,2018-08-08,68.81,739.583,7.7,38.13,0.79
1614,2018-08-09,68.94,739.583,7.7,37.73,0.79
1615,2018-08-10,68.58,739.583,7.7,37.63,0.79
1616,2018-08-13,68.55,739.583,7.7,38.05,0.79
1617,2018-08-14,67.96,739.583,7.7,38.4,0.79
1618,2018-08-15,67.72,739.583,7.7,36.69,0.79
1619,2018-08-16,67.59,739.583,7.7,36.18,0.79
1620,2018-08-17,67.99,739.583,7.7,36.97,0.79
1621,2018-08-20,67.95,739.583,7.7,37.43,0.79
1622,2018-08-21,67.65,739.583,7.7,37.65,0.79
1623,2018-08-22,67.69,739.583,7.7,38.79,0.79
1624,2018-08-23,67.54,739.583,7.7,38.82,0.79
1625,2018-08-24,67.48,739.583,7.7,39.41,0.79
1626,2018-08-27,67.42,739.583,7.7,40.51,0.79
1627,2018-08-28,67.35,739.583,7.7,40.5,0.79
1628,2018-08-29,67.28,739.583,7.7,40.19,0.79
1629,2018-08-30,67.21,739.583,7.7,39.71,0.79
1630,2018-08-31,67.16,739.583,7.7,39.02,0.79
1631,2018-09-04,66.64,739.583,7.7,37.84,0.79
1632,2018-09-05,67.22,739.583,7.7,37.95,0.79
1633,2018-09-06,68.13,739.583,7.7,38.92,0.79
1634,2018-09-07,68.07,739.583,7.7,38.92,0.79
1635,2018-09-10,68.17,739.583,7.7,38.73,0.79
1636,2018-09-11,67.78,739.583,7.7,38.27,0.79
1637,2018-09-12,67.98,739.583,7.7,38.9,0.79
1638,2018-09-13,68.31,739.583,7.7,39.14,0.79
1639,2018-09-14,68.43,739.583,7.7,40.17,0.79
1640,2018-09-17,68.57,739.583,7.7,40.05,0.79
1641,2018-09-18,68.59,739.583,7.7,41.73,0.79
1642,2018-09-19,68.67,739.583,7.7,42.63,0.79
1643,2018-09-20,68.67,739.583,7.7,43.17,0.79
1644,2018-09-21,68.69,739.583,7.7,44.4,0.79
1645,2018-09-24,68.68,739.583,7.7,43.81,0.79
1646,2018-09-25,68.62,739.583,7.7,45.27,0.79
1647,2018-09-26,68.66,739.583,7.7,43.67,0.79
1648,2018-09-27,68.69,739.583,7.7,43.29,0.79
1649,2018-09-28,68.73,739.583,7.7,43.53,0.79
1650,2018-10-01,68.4,743.866,7.5,43.96,0.79
1651,2018-10-02,68.84,743.866,7.5,44.54,0.79
1652,2018-10-03,69.08,743.866,7.5,43.63,0.79
1653,2018-10-04,68.51,743.866,7.5,42.79,0.79
1654,2018-10-05,69.24,743.866,7.5,41.84,0.79
1655,2018-10-08,69.29,743.866,7.5,41.52,0.79
1656,2018-10-09,70.09,743.866,7.5,41.96,0.79
1657,2018-10-10,70.39,743.866,7.5,40.67,0.79
1658,2018-10-11,70.24,743.866,7.5,41.1,0.79
1659,2018-10-12,70.49,743.866,7.5,41.1,0.79
1660,2018-10-15,70.56,743.866,7.5,41.97,0.79
1661,2018-10-16,70.58,743.866,7.5,41.99,0.79
1662,2018-10-17,71.4,743.866,7.5,42.79,0.79
1663,2018-10-18,71.4,743.866,7.5,41.12,0.79
1664,2018-10-19,71.4,743.866,7.5,41.14,0.79
1665,2018-10-22,71.71,743.866,7.5,42.48,0.79
1666,2018-10-23,71.79,743.866,7.5,41.3,0.79
1667,2018-10-24,72.05,743.866,7.5,39.61,0.79
1668,2018-10-25,72.22,743.866,7.5,39.74,0.79
1669,2018-10-26,72.41,743.866,7.5,40.46,0.79
1670,2018-10-29,72.58,743.866,7.5,38.64,0.79
1671,2018-10-30,72.7,743.866,7.5,39.2,0.79
1672,2018-10-31,72.81,743.866,7.5,41.27,0.79
1673,2018-11-01,72.99,744.865,7.4,41.85,0.79
1674,2018-11-02,72.92,744.865,7.4,41.85,0.79
1675,2018-11-05,73.9,744.865,7.4,41.87,0.79
1676,2018-11-06,74.18,744.865,7.4,41.65,0.79
1677,2018-11-07,74.18,744.865,7.4,41.91,0.79
1678,2018-11-08,75.01,744.865,7.4,41.5,0.79
1679,2018-11-09,75.58,744.865,7.4,39.77,0.79
1680,2018-11-12,75.27,744.865,7.4,39.92,0.79
1681,2018-11-13,74.98,744.865,7.4,40.95,0.79
1682,2018-11-14,74.81,744.865,7.4,40.14,0.79
1683,2018-11-15,74.95,744.865,7.4,40.14,0.79
1684,2018-11-16,75.08,744.865,7.4,40.86,0.79
1685,2018-11-19,75.3,744.865,7.4,40.29,0.79
1686,2018-11-20,74.88,744.865,7.4,40.29,0.79
1687,2018-11-21,74.86,744.865,7.4,39.68,0.79
1688,2018-11-23,74.21,744.865,7.4,36.64,0.79
1689,2018-11-26,73.58,744.865,7.4,36.47,0.79
1690,2018-11-27,73.14,744.865,7.4,36.33,0.79
1691,2018-11-28,72.92,744.865,7.4,38.06,0.79
1692,2018-11-29,72.6,744.865,7.4,37.84,0.79
1693,2018-11-30,72.28,744.865,7.4,38.42,0.79
1694,2018-12-03,65.57,744.865,7.4,39.38,0.79
1695,2018-12-04,66.83,744.865,7.4,38.48,0.79
1696,2018-12-05,67.55,744.865,7.4,38.42,0.79
1697,2018-12-06,66.0,744.865,7.4,38.06,0.79
1698,2018-12-07,66.76,744.865,7.4,37.33,0.79
1699,2018-12-10,66.51,744.865,7.4,36.53,0.79
1700,2018-12-11,66.74,744.865,7.4,36.82,0.79
1701,2018-12-12,66.82,744.865,7.4,36.66,0.79
1702,2018-12-13,67.26,744.865,7.4,36.82,0.79
1703,2018-12-14,67.89,744.865,7.4,37.03,0.79
1704,2018-12-17,68.12,744.865,7.4,37.3,0.79
1705,2018-12-18,68.49,744.865,7.4,37.43,0.79
1706,2018-12-19,68.69,744.865,7.4,36.39,0.79
1707,2018-12-20,69.12,744.865,7.4,36.25,0.79
1708,2018-12-21,68.99,744.865,7.4,37.01,0.79
1709,2018-12-24,68.79,744.865,7.4,37.01,0.79
1710,2018-12-26,68.83,744.865,7.4,36.71,0.79
1711,2018-12-27,69.0,744.865,7.4,36.02,0.79
1712,2018-12-28,69.2,744.865,7.4,37.11,0.79
1713,2018-12-31,69.2,744.865,7.4,37.11,1.55
1714,2019-01-02,71.06,744.865,7.4,37.18,1.55
1715,2019-01-03,72.23,744.865,7.4,35.66,1.55
1716,2019-01-04,73.09,744.865,7.4,37.98,1.55
1717,2019-01-07,74.15,744.865,7.4,37.78,1.55
1718,2019-01-08,74.21,744.865,7.4,38.14,1.55
1719,2019-01-09,74.06,744.865,7.4,39.07,1.55
1720,2019-01-10,73.98,744.865,7.4,38.64,1.55
1721,2019-01-11,74.22,744.865,7.4,38.12,1.55
1722,2019-01-14,74.21,744.865,7.4,38.28,1.55
1723,2019-01-15,74.31,744.865,7.4,38.1,1.55
1724,2019-01-16,74.43,744.865,7.4,38.32,1.55
1725,2019-01-17,74.51,744.865,7.4,39.47,1.55
1726,2019-01-18,75.15,744.865,7.4,39.85,1.55
1727,2019-01-22,74.55,744.865,7.4,40.08,1.55
1728,2019-01-23,74.58,744.865,7.4,40.5,1.55
1729,2019-01-24,74.61,744.865,7.4,40.86,1.55
1730,2019-01-25,74.64,744.865,7.4,40.86,1.55
1731,2019-01-28,75.3,744.865,7.4,30.84,1.55
1732,2019-01-29,75.49,744.865,7.4,31.1,1.55
1733,2019-01-30,75.6,744.865,7.4,33.91,1.55
1734,2019-01-31,76.03,744.865,7.4,33.11,1.55
1735,2019-02-01,86.93,750.18,7.9,33.66,1.55
1736,2019-02-04,86.53,750.18,7.9,32.52,1.55
1737,2019-02-05,88.16,750.18,7.9,32.49,1.55
1738,2019-02-06,88.98,750.18,7.9,30.9,1.55
1739,2019-02-07,92.29,750.18,7.9,30.27,1.55
1740,2019-02-08,92.13,750.18,7.9,31.41,1.55
1741,2019-02-11,90.82,750.18,7.9,30.58,1.55
1742,2019-02-12,88.44,750.18,7.9,32.24,1.55
1743,2019-02-13,88.02,750.18,7.9,33.1,1.55
1744,2019-02-14,88.35,750.18,7.9,33.23,1.55
1745,2019-02-15,88.56,750.18,7.9,33.39,1.55
1746,2019-02-19,88.53,750.18,7.9,33.1,1.55
1747,2019-02-20,88.46,750.18,7.9,33.33,1.55
1748,2019-02-21,88.03,750.18,7.9,33.02,1.55
1749,2019-02-22,88.16,750.18,7.9,34.2,1.55
1750,2019-02-25,87.94,750.18,7.9,34.29,1.55
1751,2019-02-26,87.7,750.18,7.9,34.35,1.55
1752,2019-02-27,87.47,750.18,7.9,34.08,1.55
1753,2019-02-28,87.33,750.18,7.9,34.28,1.55
1754,2019-03-01,85.98,752.524,8.1,34.01,1.55
1755,2019-03-04,85.42,752.524,8.1,34.01,1.55
1756,2019-03-05,86.51,752.524,8.1,34.01,1.55
1757,2019-03-06,85.79,752.524,8.1,34.97,1.55
1758,2019-03-07,86.76,752.524,8.1,35.56,1.55
1759,2019-03-08,85.15,752.524,8.1,35.55,1.55
1760,2019-03-11,84.53,752.524,8.1,36.3,1.55
1761,2019-03-12,85.31,752.524,8.1,36.37,1.55
1762,2019-03-13,85.01,752.524,8.1,36.9,1.55
1763,2019-03-14,85.98,752.524,8.1,36.9,1.55
1764,2019-03-15,86.12,752.524,8.1,36.79,1.55
1765,2019-03-18,86.28,752.524,8.1,36.72,1.55
1766,2019-03-19,86.23,752.524,8.1,37.77,1.55
1767,2019-03-20,85.41,752.524,8.1,36.79,1.55
1768,2019-03-21,85.65,752.524,8.1,37.03,1.55
1769,2019-03-22,85.89,752.524,8.1,36.42,1.55
1770,2019-03-25,85.82,752.524,8.1,36.06,1.55
1771,2019-03-26,85.8,752.524,8.1,36.59,1.55
1772,2019-03-27,85.72,752.524,8.1,36.1,1.55
1773,2019-03-28,85.64,752.524,8.1,35.88,1.55
1774,2019-03-29,85.7,752.524,8.1,37.06,1.55
1775,2019-04-01,87.52,755.373,8.0,38.28,1.55
1776,2019-04-02,89.5,755.373,8.0,37.57,1.55
1777,2019-04-03,92.15,755.373,8.0,37.68,1.55
1778,2019-04-04,92.53,755.373,8.0,37.96,1.55
1779,2019-04-05,91.81,755.373,8.0,37.83,1.55
1780,2019-04-08,93.63,755.373,8.0,38.85,1.55
1781,2019-04-09,92.72,755.373,8.0,38.1,1.55
1782,2019-04-10,92.6,755.373,8.0,37.67,1.55
1783,2019-04-11,93.6,755.373,8.0,37.69,1.55
1784,2019-04-12,93.79,755.373,8.0,37.46,1.55
1785,2019-04-15,93.97,755.373,8.0,37.35,1.55
1786,2019-04-16,93.44,755.373,8.0,38.64,1.55
1787,2019-04-17,92.96,755.373,8.0,38.02,1.55
1788,2019-04-18,92.91,755.373,8.0,38.26,1.55
1789,2019-04-22,93.2,755.373,8.0,37.33,1.55
1790,2019-04-23,93.29,755.373,8.0,37.78,1.55
1791,2019-04-24,92.95,755.373,8.0,36.65,1.55
1792,2019-04-25,93.14,755.373,8.0,36.63,1.55
1793,2019-04-26,93.16,755.373,8.0,36.69,1.55
1794,2019-04-29,93.17,755.373,8.0,36.57,1.55
1795,2019-04-30,93.24,755.373,8.0,36.46,1.55
1796,2019-05-01,93.65,755.625,7.9,36.46,1.55
1797,2019-05-02,93.6,755.625,7.9,35.62,1.55
1798,2019-05-03,93.81,755.625,7.9,36.68,1.55
1799,2019-05-06,93.51,755.625,7.9,36.14,1.55
1800,2019-05-07,94.75,755.625,7.9,36.17,1.55
1801,2019-05-08,94.19,755.625,7.9,35.66,1.55
1802,2019-05-09,94.24,755.625,7.9,35.32,1.55
1803,2019-05-10,95.08,755.625,7.9,35.99,1.55
1804,2019-05-13,94.38,755.625,7.9,34.52,1.55
1805,2019-05-14,93.88,755.625,7.9,34.63,1.55
1806,2019-05-15,94.82,755.625,7.9,34.9,1.55
1807,2019-05-16,96.13,755.625,7.9,33.77,1.55
1808,2019-05-17,96.34,755.625,7.9,34.73,1.55
1809,2019-05-20,96.38,755.625,7.9,34.02,1.55
1810,2019-05-21,96.56,755.625,7.9,34.5,1.55
1811,2019-05-22,97.04,755.625,7.9,34.54,1.55
1812,2019-05-23,97.31,755.625,7.9,34.8,1.55
1813,2019-05-24,98.14,755.625,7.9,35.16,1.55
1814,2019-05-28,98.38,755.625,7.9,36.57,1.55
1815,2019-05-29,98.59,755.625,7.9,36.17,1.55
1816,2019-05-30,98.72,755.625,7.9,36.39,1.55
1817,2019-05-31,98.76,755.625,7.9,35.66,1.55
1818,2019-06-03,96.28,755.625,7.9,35.54,1.55
1819,2019-06-04,98.39,755.625,7.9,35.74,1.55
1820,2019-06-05,98.32,755.625,7.9,35.22,1.55
1821,2019-06-06,97.76,755.625,7.9,35.51,1.55
1822,2019-06-07,97.78,755.625,7.9,35.41,1.55
1823,2019-06-10,99.26,755.625,7.9,35.18,1.55
1824,2019-06-11,102.76,755.625,7.9,37.43,1.55
1825,2019-06-12,102.99,755.625,7.9,37.47,1.55
1826,2019-06-13,106.29,755.625,7.9,37.73,1.55
1827,2019-06-14,104.33,755.625,7.9,37.41,1.55
1828,2019-06-17,104.17,755.625,7.9,36.53,1.55
1829,2019-06-18,105.79,755.625,7.9,37.84,1.55
1830,2019-06-19,106.2,755.625,7.9,38.06,1.55
1831,2019-06-20,107.21,755.625,7.9,38.06,1.55
1832,2019-06-21,107.54,755.625,7.9,38.16,1.55
1833,2019-06-24,108.99,755.625,7.9,38.13,1.55
1834,2019-06-25,107.93,755.625,7.9,37.39,1.55
1835,2019-06-26,109.19,755.625,7.9,37.54,1.55
1836,2019-06-27,108.72,755.625,7.9,37.62,1.55
1837,2019-06-28,109.18,755.625,7.9,37.71,1.55
1838,2019-07-01,119.45,766.699,7.6,39.04,1.55
1839,2019-07-02,123.19,766.699,7.6,37.4,1.55
1840,2019-07-03,123.16,766.699,7.6,37.33,1.55
1841,2019-07-05,117.1,766.699,7.6,36.65,1.55
1842,2019-07-08,119.17,766.699,7.6,37.08,1.55
1843,2019-07-09,121.35,766.699,7.6,37.08,1.55
1844,2019-07-10,120.84,766.699,7.6,37.94,1.55
1845,2019-07-11,120.32,766.699,7.6,37.88,1.55
1846,2019-07-12,120.25,766.699,7.6,37.7,1.55
1847,2019-07-15,121.18,766.699,7.6,38.34,1.55
1848,2019-07-16,121.19,766.699,7.6,38.61,1.55
1849,2019-07-17,121.14,766.699,7.6,38.34,1.55
1850,2019-07-18,120.87,766.699,7.6,38.27,1.55
1851,2019-07-19,120.99,766.699,7.6,38.37,1.55
1852,2019-07-22,120.01,766.699,7.6,38.17,1.55
1853,2019-07-23,120.42,766.699,7.6,37.67,1.55
1854,2019-07-24,120.25,766.699,7.6,36.86,1.55
1855,2019-07-25,120.09,766.699,7.6,36.74,1.55
1856,2019-07-26,120.11,766.699,7.6,36.55,1.55
1857,2019-07-29,120.02,766.699,7.6,36.58,1.55
1858,2019-07-30,120.09,766.699,7.6,36.39,1.55
1859,2019-07-31,120.02,766.699,7.6,36.25,1.55
1860,2019-08-01,112.02,769.951,7.6,35.22,1.55
1861,2019-08-02,106.51,769.951,7.6,34.82,1.55
1862,2019-08-05,100.34,769.951,7.6,33.48,1.55
1863,2019-08-06,99.51,769.951,7.6,33.93,1.55
1864,2019-08-07,96.56,769.951,7.6,33.83,1.55
1865,2019-08-08,97.37,769.951,7.6,34.33,1.55
1866,2019-08-09,93.61,769.951,7.6,33.1,1.55
1867,2019-08-12,95.01,769.951,7.6,32.86,1.55
1868,2019-08-13,95.11,769.951,7.6,33.84,1.55
1869,2019-08-14,95.71,769.951,7.6,32.66,1.55
1870,2019-08-15,93.76,769.951,7.6,31.94,1.55
1871,2019-08-16,93.61,769.951,7.6,31.79,1.55
1872,2019-08-19,94.36,769.951,7.6,31.77,1.55
1873,2019-08-20,94.02,769.951,7.6,31.9,1.55
1874,2019-08-21,92.01,769.951,7.6,32.13,1.55
1875,2019-08-22,92.73,769.951,7.6,31.94,1.55
1876,2019-08-23,92.88,769.951,7.6,31.5,1.55
1877,2019-08-26,92.45,769.951,7.6,31.15,1.55
1878,2019-08-27,92.06,769.951,7.6,31.53,1.55
1879,2019-08-28,91.63,769.951,7.6,31.64,1.55
1880,2019-08-29,91.16,769.951,7.6,32.82,1.55
1881,2019-08-30,90.91,769.951,7.6,33.16,1.55
1882,2019-09-03,89.55,769.951,7.6,33.13,1.55
1883,2019-09-04,91.57,769.951,7.6,33.85,1.55
1884,2019-09-05,90.72,769.951,7.6,33.85,1.55
1885,2019-09-06,89.44,769.951,7.6,33.8,1.55
1886,2019-09-09,91.23,769.951,7.6,34.85,1.55
1887,2019-09-10,91.37,769.951,7.6,35.11,1.55
1888,2019-09-11,92.34,769.951,7.6,34.9,1.55
1889,2019-09-12,94.14,769.951,7.6,36.16,1.55
1890,2019-09-13,94.77,769.951,7.6,36.23,1.55
1891,2019-09-16,94.37,769.951,7.6,35.36,1.55
1892,2019-09-17,94.03,769.951,7.6,35.59,1.55
1893,2019-09-18,93.97,769.951,7.6,35.22,1.55
1894,2019-09-19,93.46,769.951,7.6,35.16,1.55
1895,2019-09-20,93.38,769.951,7.6,35.24,1.55
1896,2019-09-23,93.49,769.951,7.6,35.0,1.55
1897,2019-09-24,93.21,769.951,7.6,34.15,1.55
1898,2019-09-25,92.97,769.951,7.6,34.83,1.55
1899,2019-09-26,92.95,769.951,7.6,34.83,1.55
1900,2019-09-27,92.89,769.951,7.6,34.68,1.55
1901,2019-09-30,92.91,769.951,7.6,34.75,1.11
1902,2019-10-01,92.16,774.939,7.5,34.72,1.11
1903,2019-10-02,92.26,774.939,7.5,32.82,1.11
1904,2019-10-03,92.26,774.939,7.5,33.07,1.11
1905,2019-10-04,92.18,774.939,7.5,33.91,1.11
1906,2019-10-07,92.55,774.939,7.5,33.51,1.11
1907,2019-10-08,93.53,774.939,7.5,32.98,1.11
1908,2019-10-09,91.59,774.939,7.5,33.24,1.11
1909,2019-10-10,93.01,774.939,7.5,34.38,1.11
1910,2019-10-11,92.86,774.939,7.5,35.4,1.11
1911,2019-10-14,92.23,774.939,7.5,34.92,1.11
1912,2019-10-15,92.62,774.939,7.5,34.87,1.11
1913,2019-10-16,91.4,774.939,7.5,34.06,1.11
1914,2019-10-17,90.01,774.939,7.5,33.99,1.11
1915,2019-10-18,90.76,774.939,7.5,33.5,1.11
1916,2019-10-21,90.58,774.939,7.5,34.36,1.11
1917,2019-10-22,90.53,774.939,7.5,34.42,1.11
1918,2019-10-23,90.45,774.939,7.5,34.28,1.11
1919,2019-10-24,90.11,774.939,7.5,34.02,1.11
1920,2019-10-25,90.22,774.939,7.5,35.34,1.11
1921,2019-10-28,90.23,774.939,7.5,35.44,1.11
1922,2019-10-29,90.03,774.939,7.5,35.4,1.11
1923,2019-10-30,89.8,774.939,7.5,35.36,1.11
1924,2019-10-31,89.55,774.939,7.5,34.35,1.11
1925,2019-11-01,83.55,775.225,7.2,35.25,1.11
1926,2019-11-04,82.85,775.225,7.2,36.26,1.11
1927,2019-11-05,82.85,775.225,7.2,36.29,1.11
1928,2019-11-06,82.98,775.225,7.2,36.16,1.11
1929,2019-11-07,82.55,775.225,7.2,36.47,1.11
1930,2019-11-08,80.36,775.225,7.2,35.79,1.11
1931,2019-11-11,80.3,775.225,7.2,35.03,1.11
1932,2019-11-12,81.36,775.225,7.2,34.86,1.11
1933,2019-11-13,81.26,775.225,7.2,34.29,1.11
1934,2019-11-14,82.52,775.225,7.2,34.2,1.11
1935,2019-11-15,82.8,775.225,7.2,34.2,1.11
1936,2019-11-18,82.93,775.225,7.2,34.65,1.11
1937,2019-11-19,83.19,775.225,7.2,35.06,1.11
1938,2019-11-20,83.35,775.225,7.2,35.06,1.11
1939,2019-11-21,83.55,775.225,7.2,35.24,1.11
1940,2019-11-22,83.79,775.225,7.2,36.41,1.11
1941,2019-11-25,84.29,775.225,7.2,37.01,1.11
1942,2019-11-26,84.35,775.225,7.2,37.27,1.11
1943,2019-11-27,84.42,775.225,7.2,36.81,1.11
1944,2019-11-29,84.68,775.225,7.2,36.37,1.11
1945,2019-12-02,88.11,775.225,7.2,37.36,1.11
1946,2019-12-03,87.65,775.225,7.2,36.69,1.11
1947,2019-12-04,88.27,775.225,7.2,37.06,1.11
1948,2019-12-05,88.34,775.225,7.2,37.08,1.11
1949,2019-12-06,88.56,775.225,7.2,37.37,1.11
1950,2019-12-09,92.04,775.225,7.2,37.43,1.11
1951,2019-12-10,91.36,775.225,7.2,37.26,1.11
1952,2019-12-11,92.05,775.225,7.2,37.72,1.11
1953,2019-12-12,92.04,775.225,7.2,38.53,1.11
1954,2019-12-13,92.27,775.225,7.2,39.12,1.11
1955,2019-12-16,92.1,775.225,7.2,38.82,1.11
1956,2019-12-17,92.09,775.225,7.2,38.82,1.11
1957,2019-12-18,91.99,775.225,7.2,38.91,1.11
1958,2019-12-19,92.0,775.225,7.2,39.3,1.11
1959,2019-12-20,91.74,775.225,7.2,39.87,1.11
1960,2019-12-23,91.72,775.225,7.2,39.72,1.11
1961,2019-12-24,91.7,775.225,7.2,39.72,1.11
1962,2019-12-26,91.61,775.225,7.2,39.87,1.11
1963,2019-12-27,91.55,775.225,7.2,40.04,1.11
1964,2019-12-30,91.52,775.225,7.2,39.82,1.11
1965,2019-12-31,91.53,775.225,7.2,39.82,1.7
1966,2020-01-02,92.58,775.225,7.2,40.59,1.7
1967,2020-01-03,93.41,775.225,7.2,40.29,1.7
1968,2020-01-06,93.85,775.225,7.2,40.05,1.7
1969,2020-01-07,93.73,775.225,7.2,40.34,1.7
1970,2020-01-08,94.61,775.225,7.2,40.35,1.7
1971,2020-01-09,93.57,775.225,7.2,39.82,1.7
1972,2020-01-10,93.56,775.225,7.2,39.86,1.7
1973,2020-01-13,94.03,775.225,7.2,41.31,1.7
1974,2020-01-14,94.83,775.225,7.2,41.56,1.7
1975,2020-01-15,94.59,775.225,7.2,41.43,1.7
1976,2020-01-16,94.55,775.225,7.2,41.21,1.7
1977,2020-01-17,94.81,775.225,7.2,42.58,1.7
1978,2020-01-21,94.8,775.225,7.2,41.86,1.7
1979,2020-01-22,94.76,775.225,7.2,42.06,1.7
1980,2020-01-23,94.4,775.225,7.2,41.46,1.7
1981,2020-01-24,94.35,775.225,7.2,40.19,1.7
1982,2020-01-27,94.01,775.225,7.2,37.73,1.7
1983,2020-01-28,93.6,775.225,7.2,38.25,1.7
1984,2020-01-29,93.34,775.225,7.2,37.91,1.7
1985,2020-01-30,92.9,775.225,7.2,38.47,1.7
1986,2020-01-31,92.44,775.225,7.2,37.55,1.7
1987,2020-02-03,78.33,775.225,7.2,38.03,1.7
1988,2020-02-04,81.63,775.225,7.2,39.05,1.7
1989,2020-02-05,79.87,775.225,7.2,39.58,1.7
1990,2020-02-06,80.96,775.225,7.2,39.8,1.7
1991,2020-02-07,81.65,775.225,7.2,38.92,1.7
1992,2020-02-10,81.25,775.225,7.2,37.49,1.7
1993,2020-02-11,83.36,775.225,7.2,38.88,1.7
1994,2020-02-12,84.47,775.225,7.2,39.64,1.7
1995,2020-02-13,85.14,775.225,7.2,38.95,1.7
1996,2020-02-14,84.86,775.225,7.2,38.1,1.7
1997,2020-02-18,85.43,775.225,7.2,39.44,1.7
1998,2020-02-19,85.7,775.225,7.2,39.45,1.7
1999,2020-02-20,86.15,775.225,7.2,38.99,1.7
2000,2020-02-21,86.42,775.225,7.2,37.45,1.7
2001,2020-02-24,86.56,775.225,7.2,37.45,1.7
2002,2020-02-25,86.73,775.225,7.2,37.45,1.7
2003,2020-02-26,86.67,775.225,7.2,33.88,1.7
2004,2020-02-27,86.58,775.225,7.2,33.22,1.7
2005,2020-02-28,86.46,775.225,7.2,33.1,1.7
